url,file,current_title,recommended_title,current_description,recommended_description,h1,h2,intent,primary_topic,secondary_topics,journey_stage,cluster,content_words,content_quality,internal_links_in,internal_links_out,external_sources,canonical,schema_types,schema_errors,images,image_quality,image_alt_quality,indexability,importance,action,h1_count,duplicate_ids,meta
https://orrbiologicals.com/404,404.html,Page not found — Orr Biologicals,Page not found — Orr Biologicals,"That page could not be found. Explore Algaephyte, the living photobioreactor system, or read the field-notes library.","That page could not be found. Explore Algaephyte, the living photobioreactor system, or read the field-notes library.","[""Lost in the medium""]",[],Navigational / educational,Lost in the medium,[],Learn / evaluate research concepts,Site,76,Editorial review required; word count is not a quality score,[],"[""https://orrbiologicals.com/"", ""https://orrbiologicals.com/#deploy"", ""https://orrbiologicals.com/#inside"", ""https://orrbiologicals.com/#products"", ""https://orrbiologicals.com/applications/"", ""https://orrbiologicals.com/blog/"", ""https://orrbiologicals.com/cyanoflow"", ""https://orrbiologicals.com/game/"", ""https://orrbiologicals.com/privacy"", ""https://orrbiologicals.com/terms""]",[],,[],[],[],Illustrations vs measurements must be labeled; no pixel review implied,"{""missing"": 0, ""empty"": 0}",noindex,Supporting,NOINDEX,1,[],"{"""": """", ""viewport"": ""width=device-width, initial-scale=1"", ""referrer"": ""strict-origin-when-cross-origin"", ""description"": ""That page could not be found. Explore Algaephyte, the living photobioreactor system, or read the field-notes library."", ""robots"": ""noindex""}"
https://orrbiologicals.com/algae-biotechnology/,algae-biotechnology/index.html,"Algae Biotechnology: Organisms, Cultivation & Research | Orr Biologicals","Algae Biotechnology: Organisms, Cultivation & Research | Orr Biologicals","Understand algae biotechnology: organism selection, cultivation, photobioreactors, compounds and single-cell research, with evidence limits and source reading.","Understand algae biotechnology: organism selection, cultivation, photobioreactors, compounds and single-cell research, with evidence limits and source reading.","[""Algae biotechnology: organisms, cultivation and research""]","[""What counts as algae biotechnology?"", ""Four questions connect the field"", ""Applications: useful distinctions, not universal promises"", ""Algaephyte and Cyanoflow address different scales"", ""How to evaluate a biotechnology claim"", ""Sources and a reading route""]",Navigational / educational,"Algae biotechnology: organisms, cultivation and research","[""What counts as algae biotechnology?"", ""Four questions connect the field"", ""Applications: useful distinctions, not universal promises"", ""Algaephyte and Cyanoflow address different scales"", ""How to evaluate a biotechnology claim"", ""Sources and a reading route""]",Learn / evaluate research concepts,Site,578,Editorial review required; word count is not a quality score,"[""https://orrbiologicals.com/"", ""https://orrbiologicals.com/applications/"", ""https://orrbiologicals.com/applications/algae-rations-for-bivalve-larvae"", ""https://orrbiologicals.com/applications/best-microalgae-for-copepod-culture"", ""https://orrbiologicals.com/applications/how-to-feed-copepods"", ""https://orrbiologicals.com/applications/how-to-grow-a-microalgae-culture"", ""https://orrbiologicals.com/applications/how-to-scale-a-microalgae-culture"", ""https://orrbiologicals.com/applications/how-to-start-a-phytoplankton-culture"", ""https://orrbiologicals.com/applications/microalgae-for-marine-fish-larvae"", ""https://orrbiologicals.com/applications/microalgal-biotechnology"", ""https://orrbiologicals.com/applications/pavlova-vs-isochrysis"", ""https://orrbiologicals.com/applications/phytoplankton-aquaculture-food-webs"", ""https://orrbiologicals.com/applications/prevent-contamination-microalgae-cultures"", ""https://orrbiologicals.com/applications/why-isochrysis-matters-aquaculture"", ""https://orrbiologicals.com/blog/"", ""https://orrbiologicals.com/research/""]","[""https://orrbiologicals.com/"", ""https://orrbiologicals.com/#deploy"", ""https://orrbiologicals.com/#inside"", ""https://orrbiologicals.com/#products"", ""https://orrbiologicals.com/algaephyte/"", ""https://orrbiologicals.com/applications/"", ""https://orrbiologicals.com/applications/#aquaculture"", ""https://orrbiologicals.com/applications/#species"", ""https://orrbiologicals.com/applications/microalgal-biotechnology"", ""https://orrbiologicals.com/applications/phytoplankton-aquaculture-food-webs"", ""https://orrbiologicals.com/applications/species/chlorella"", ""https://orrbiologicals.com/blog/"", ""https://orrbiologicals.com/blog/single-cell-microalgae-microfluidics"", ""https://orrbiologicals.com/blog/spirulina-is-a-cyanobacterium"", ""https://orrbiologicals.com/cyanoflow"", ""https://orrbiologicals.com/game/"", ""https://orrbiologicals.com/glossary"", ""https://orrbiologicals.com/microalgae-cultivation/"", ""https://orrbiologicals.com/photobioreactors/"", ""https://orrbiologicals.com/privacy"", ""https://orrbiologicals.com/research/"", ""https://orrbiologicals.com/terms""]","[""https://pmc.ncbi.nlm.nih.gov/articles/PMC9033726/"", ""https://pmc.ncbi.nlm.nih.gov/articles/PMC9731602/""]",https://orrbiologicals.com/algae-biotechnology/,"[""WebPage"", ""BreadcrumbList""]",[],[],Illustrations vs measurements must be labeled; no pixel review implied,"{""missing"": 0, ""empty"": 0}",indexable,High,KEEP,1,[],"{"""": """", ""viewport"": ""width=device-width, initial-scale=1"", ""description"": ""Understand algae biotechnology: organism selection, cultivation, photobioreactors, compounds and single-cell research, with evidence limits and source reading."", ""og:type"": ""website"", ""og:title"": ""Algae Biotechnology: Organisms, Cultivation & Research | Orr Biologicals"", ""og:description"": ""Understand algae biotechnology: organism selection, cultivation, photobioreactors, compounds and single-cell research, with evidence limits and source reading."", ""og:url"": ""https://orrbiologicals.com/algae-biotechnology/"", ""og:image"": ""https://orrbiologicals.com/assets/og.png"", ""og:site_name"": ""Orr Biologicals"", ""twitter:card"": ""summary_large_image"", ""twitter:title"": ""Algae Biotechnology: Organisms, Cultivation & Research | Orr Biologicals"", ""twitter:description"": ""Understand algae biotechnology: organism selection, cultivation, photobioreactors, compounds and single-cell research, with evidence limits and source reading."", ""twitter:image"": ""https://orrbiologicals.com/assets/og.png""}"
https://orrbiologicals.com/algaephyte/,algaephyte/index.html,AI-Assisted Microalgae Cultivation Research | Algaephyte,AI-Assisted Microalgae Cultivation Research | Algaephyte,"Explore Algaephyte’s proposed sensor-based cultivation, digital twin and bounded automation. Research design goals, not validated hardware or deployed products.","Explore Algaephyte’s proposed sensor-based cultivation, digital twin and bounded automation. Research design goals, not validated hardware or deployed products.","[""Algaephyte: AI-assisted microalgae cultivation research""]","[""What question does Algaephyte address?"", ""Sensors: different signals, not one health number"", ""Digital twin: predictions need held-out tests"", ""Computer vision and edge AI"", ""Bounded automation: proposals do not own pumps"", ""Research status and next experiments"", ""Source reading and next steps""]",Navigational / educational,Algaephyte: AI-assisted microalgae cultivation research,"[""What question does Algaephyte address?"", ""Sensors: different signals, not one health number"", ""Digital twin: predictions need held-out tests"", ""Computer vision and edge AI"", ""Bounded automation: proposals do not own pumps"", ""Research status and next experiments"", ""Source reading and next steps""]",Learn / evaluate research concepts,Site,639,Editorial review required; word count is not a quality score,"[""https://orrbiologicals.com/"", ""https://orrbiologicals.com/algae-biotechnology/"", ""https://orrbiologicals.com/applications/"", ""https://orrbiologicals.com/applications/species/arthrospira"", ""https://orrbiologicals.com/applications/species/chaetoceros"", ""https://orrbiologicals.com/applications/species/chlorella"", ""https://orrbiologicals.com/applications/species/dunaliella"", ""https://orrbiologicals.com/applications/species/haematococcus"", ""https://orrbiologicals.com/applications/species/isochrysis-tisochrysis"", ""https://orrbiologicals.com/applications/species/nannochloropsis"", ""https://orrbiologicals.com/applications/species/pavlova"", ""https://orrbiologicals.com/applications/species/phaeodactylum"", ""https://orrbiologicals.com/applications/species/tetraselmis"", ""https://orrbiologicals.com/blog/"", ""https://orrbiologicals.com/blog/alkalinity-as-a-control-variable"", ""https://orrbiologicals.com/blog/bounded-autonomy-safe-ai-proposals"", ""https://orrbiologicals.com/blog/control-loop-architecture"", ""https://orrbiologicals.com/blog/digital-twin-droop-steele-model"", ""https://orrbiologicals.com/blog/digital-twins-biological-cultivation"", ""https://orrbiologicals.com/blog/dissolved-oxygen-stress-signal"", ""https://orrbiologicals.com/blog/edge-ai-biological-systems"", ""https://orrbiologicals.com/blog/federated-learning-network"", ""https://orrbiologicals.com/blog/harvesting-and-using-fresh-spirulina"", ""https://orrbiologicals.com/blog/how-main-keeps-culture-safe"", ""https://orrbiologicals.com/blog/how-to-start-home-spirulina-culture"", ""https://orrbiologicals.com/blog/light-temperature-mixing"", ""https://orrbiologicals.com/blog/photobioreactor-ai-optimization"", ""https://orrbiologicals.com/blog/reading-your-culture"", ""https://orrbiologicals.com/blog/six-culture-signals-main-senses"", ""https://orrbiologicals.com/blog/spirulina-is-a-cyanobacterium"", ""https://orrbiologicals.com/blog/troubleshooting-contamination-crashes"", ""https://orrbiologicals.com/blog/troubleshooting-ph-and-carbon"", ""https://orrbiologicals.com/blog/vision-contamination-detection"", ""https://orrbiologicals.com/blog/what-is-main-plain-language"", ""https://orrbiologicals.com/blog/winter-home-growing-warmth"", ""https://orrbiologicals.com/blog/zarrouk-medium-and-nutrients"", ""https://orrbiologicals.com/microalgae-cultivation/"", ""https://orrbiologicals.com/photobioreactors/"", ""https://orrbiologicals.com/research/""]","[""https://orrbiologicals.com/"", ""https://orrbiologicals.com/#deploy"", ""https://orrbiologicals.com/#inside"", ""https://orrbiologicals.com/#products"", ""https://orrbiologicals.com/#simulation"", ""https://orrbiologicals.com/#system"", ""https://orrbiologicals.com/applications/"", ""https://orrbiologicals.com/blog/"", ""https://orrbiologicals.com/blog/alkalinity-as-a-control-variable"", ""https://orrbiologicals.com/blog/bounded-autonomy-safe-ai-proposals"", ""https://orrbiologicals.com/blog/control-loop-architecture"", ""https://orrbiologicals.com/blog/digital-twin-droop-steele-model"", ""https://orrbiologicals.com/blog/digital-twins-biological-cultivation"", ""https://orrbiologicals.com/blog/dissolved-oxygen-stress-signal"", ""https://orrbiologicals.com/blog/edge-ai-biological-systems"", ""https://orrbiologicals.com/blog/federated-learning-network"", ""https://orrbiologicals.com/blog/six-culture-signals-main-senses"", ""https://orrbiologicals.com/blog/vision-contamination-detection"", ""https://orrbiologicals.com/cyanoflow"", ""https://orrbiologicals.com/disclaimer"", ""https://orrbiologicals.com/game/"", ""https://orrbiologicals.com/glossary"", ""https://orrbiologicals.com/microalgae-cultivation/"", ""https://orrbiologicals.com/photobioreactors/"", ""https://orrbiologicals.com/privacy"", ""https://orrbiologicals.com/research/"", ""https://orrbiologicals.com/terms""]","[""https://pmc.ncbi.nlm.nih.gov/articles/PMC9033726/"", ""https://pmc.ncbi.nlm.nih.gov/articles/PMC9368473/""]",https://orrbiologicals.com/algaephyte/,"[""WebPage"", ""BreadcrumbList""]",[],[],Illustrations vs measurements must be labeled; no pixel review implied,"{""missing"": 0, ""empty"": 0}",indexable,High,KEEP,1,[],"{"""": """", ""viewport"": ""width=device-width, initial-scale=1"", ""description"": ""Explore Algaephyte’s proposed sensor-based cultivation, digital twin and bounded automation. Research design goals, not validated hardware or deployed products."", ""og:type"": ""website"", ""og:title"": ""AI-Assisted Microalgae Cultivation Research | Algaephyte"", ""og:description"": ""Explore Algaephyte’s proposed sensor-based cultivation, digital twin and bounded automation. Research design goals, not validated hardware or deployed products."", ""og:url"": ""https://orrbiologicals.com/algaephyte/"", ""og:image"": ""https://orrbiologicals.com/assets/og.png"", ""og:site_name"": ""Orr Biologicals"", ""twitter:card"": ""summary_large_image"", ""twitter:title"": ""AI-Assisted Microalgae Cultivation Research | Algaephyte"", ""twitter:description"": ""Explore Algaephyte’s proposed sensor-based cultivation, digital twin and bounded automation. Research design goals, not validated hardware or deployed products."", ""twitter:image"": ""https://orrbiologicals.com/assets/og.png""}"
https://orrbiologicals.com/applications/algae-rations-for-bivalve-larvae,applications/algae-rations-for-bivalve-larvae.html,Algae Rations for Bivalve Larvae | Orr Biologicals,Algae Rations for Bivalve Larvae | Orr Biologicals,"Typical published feed rations for oyster, mussel and clam larvae by stage — Isochrysis, Pavlova and Chaetoceros ratios — and where the Algaephyte platform applies.","Typical published feed rations for oyster, mussel and clam larvae by stage — Isochrysis, Pavlova and Chaetoceros ratios — and where the Algaephyte platform applies.","[""Stage-Specific Algae Rations for Bivalve Larvae""]","[""The ration, stage by stage"", ""Why the mix shifts with stage"", ""Where Algaephyte fits"", ""Working with us"", ""Connect this guide to the wider research""]",Informational,Stage-Specific Algae Rations for Bivalve Larvae,"[""The ration, stage by stage"", ""Why the mix shifts with stage"", ""Where Algaephyte fits"", ""Working with us"", ""Connect this guide to the wider research""]",Learn / evaluate research concepts,Applications,933,Editorial review required; word count is not a quality score,"[""https://orrbiologicals.com/applications/"", ""https://orrbiologicals.com/applications/pavlova-vs-isochrysis"", ""https://orrbiologicals.com/applications/phytoplankton-aquaculture-food-webs"", ""https://orrbiologicals.com/applications/species/chaetoceros"", ""https://orrbiologicals.com/applications/species/isochrysis-tisochrysis"", ""https://orrbiologicals.com/applications/species/pavlova"", ""https://orrbiologicals.com/applications/species/tetraselmis"", ""https://orrbiologicals.com/applications/why-isochrysis-matters-aquaculture""]","[""https://orrbiologicals.com/"", ""https://orrbiologicals.com/#deploy"", ""https://orrbiologicals.com/#inside"", ""https://orrbiologicals.com/#products"", ""https://orrbiologicals.com/#safety"", ""https://orrbiologicals.com/#system"", ""https://orrbiologicals.com/algae-biotechnology/"", ""https://orrbiologicals.com/applications/"", ""https://orrbiologicals.com/applications/#species"", ""https://orrbiologicals.com/applications/pavlova-vs-isochrysis"", ""https://orrbiologicals.com/applications/phytoplankton-aquaculture-food-webs"", ""https://orrbiologicals.com/applications/species/chaetoceros"", ""https://orrbiologicals.com/applications/why-isochrysis-matters-aquaculture"", ""https://orrbiologicals.com/blog/"", ""https://orrbiologicals.com/cyanoflow"", ""https://orrbiologicals.com/disclaimer"", ""https://orrbiologicals.com/game/"", ""https://orrbiologicals.com/glossary"", ""https://orrbiologicals.com/microalgae-cultivation/"", ""https://orrbiologicals.com/privacy"", ""https://orrbiologicals.com/research/"", ""https://orrbiologicals.com/terms""]",[],https://orrbiologicals.com/applications/algae-rations-for-bivalve-larvae,"[""Article"", ""BreadcrumbList"", ""FAQPage""]",[],"[{""src"": ""/assets/images/library/bivalve-larvae.svg"", ""alt"": ""Illustration of bivalve larvae at different stages swimming among flagellate feed cells"", ""width"": ""800"", ""height"": ""450""}]",Illustrations vs measurements must be labeled; no pixel review implied,"{""missing"": 0, ""empty"": 0}",indexable,Supporting,KEEP,1,[],"{"""": """", ""viewport"": ""width=device-width, initial-scale=1"", ""referrer"": ""strict-origin-when-cross-origin"", ""description"": ""Typical published feed rations for oyster, mussel and clam larvae by stage — Isochrysis, Pavlova and Chaetoceros ratios — and where the Algaephyte platform applies."", ""og:title"": ""Algae Rations for Bivalve Larvae | Orr Biologicals"", ""og:description"": ""Typical published feed rations for oyster, mussel and clam larvae by stage — Isochrysis, Pavlova and Chaetoceros ratios — and where the Algaephyte platform applies."", ""og:type"": ""article"", ""og:url"": ""https://orrbiologicals.com/applications/algae-rations-for-bivalve-larvae"", ""og:image"": ""https://orrbiologicals.com/assets/images/library/bivalve-larvae.svg"", ""article:published_time"": ""2026-08-31"", ""twitter:card"": ""summary_large_image"", ""og:site_name"": ""Orr Biologicals"", ""twitter:title"": ""Algae Rations for Bivalve Larvae | Orr Biologicals"", ""twitter:description"": ""Typical published feed rations for oyster, mussel and clam larvae by stage — Isochrysis, Pavlova and Chaetoceros ratios — and where the Algaephyte platform applies."", ""twitter:image"": ""https://orrbiologicals.com/assets/images/library/bivalve-larvae.svg"", ""article:modified_time"": ""2026-10-04""}"
https://orrbiologicals.com/applications/best-microalgae-for-copepod-culture,applications/best-microalgae-for-copepod-culture.html,Best Microalgae for Copepod Culture | Orr Biologicals,Best Microalgae for Copepod Culture | Orr Biologicals,"Isochrysis, Pavlova, Nannochloropsis, Tetraselmis, Chaetoceros and Rhodomonas compared for copepod culture — sizes, strengths, and why no single species is universally best.","Isochrysis, Pavlova, Nannochloropsis, Tetraselmis, Chaetoceros and Rhodomonas compared for copepod culture — sizes, strengths, and why no single species is universally best.","[""Best Microalgae for Copepod Culture: an Honest Comparison""]","[""The candidates, at a glance"", ""How to choose without guessing"", ""The metabolic point people miss"", ""Connect this guide to the wider research""]",Informational,Best Microalgae for Copepod Culture: an Honest Comparison,"[""The candidates, at a glance"", ""How to choose without guessing"", ""The metabolic point people miss"", ""Connect this guide to the wider research""]",Learn / evaluate research concepts,Applications,592,Editorial review required; word count is not a quality score,"[""https://orrbiologicals.com/applications/"", ""https://orrbiologicals.com/applications/how-to-feed-copepods"", ""https://orrbiologicals.com/applications/microalgae-for-marine-fish-larvae"", ""https://orrbiologicals.com/applications/pavlova-vs-isochrysis"", ""https://orrbiologicals.com/applications/species/chaetoceros"", ""https://orrbiologicals.com/applications/species/isochrysis-tisochrysis"", ""https://orrbiologicals.com/applications/species/nannochloropsis"", ""https://orrbiologicals.com/applications/species/phaeodactylum"", ""https://orrbiologicals.com/applications/species/tetraselmis""]","[""https://orrbiologicals.com/"", ""https://orrbiologicals.com/#deploy"", ""https://orrbiologicals.com/#inside"", ""https://orrbiologicals.com/#products"", ""https://orrbiologicals.com/algae-biotechnology/"", ""https://orrbiologicals.com/applications/"", ""https://orrbiologicals.com/applications/#species"", ""https://orrbiologicals.com/applications/how-to-feed-copepods"", ""https://orrbiologicals.com/applications/species/chaetoceros"", ""https://orrbiologicals.com/applications/species/isochrysis-tisochrysis"", ""https://orrbiologicals.com/applications/species/nannochloropsis"", ""https://orrbiologicals.com/applications/species/pavlova"", ""https://orrbiologicals.com/applications/species/tetraselmis"", ""https://orrbiologicals.com/blog/"", ""https://orrbiologicals.com/cyanoflow"", ""https://orrbiologicals.com/disclaimer"", ""https://orrbiologicals.com/game/"", ""https://orrbiologicals.com/glossary"", ""https://orrbiologicals.com/microalgae-cultivation/"", ""https://orrbiologicals.com/privacy"", ""https://orrbiologicals.com/research/"", ""https://orrbiologicals.com/terms""]",[],https://orrbiologicals.com/applications/best-microalgae-for-copepod-culture,"[""Article"", ""BreadcrumbList"", ""FAQPage""]",[],"[{""src"": ""/assets/images/library/microscopy-field.svg"", ""alt"": ""Illustration of a microscope field of view with six different microalgal species side by side"", ""width"": ""800"", ""height"": ""450""}]",Illustrations vs measurements must be labeled; no pixel review implied,"{""missing"": 0, ""empty"": 0}",indexable,Supporting,KEEP,1,[],"{"""": """", ""viewport"": ""width=device-width, initial-scale=1"", ""referrer"": ""strict-origin-when-cross-origin"", ""description"": ""Isochrysis, Pavlova, Nannochloropsis, Tetraselmis, Chaetoceros and Rhodomonas compared for copepod culture — sizes, strengths, and why no single species is universally best."", ""og:title"": ""Best Microalgae for Copepod Culture | Orr Biologicals"", ""og:description"": ""Isochrysis, Pavlova, Nannochloropsis, Tetraselmis, Chaetoceros and Rhodomonas compared for copepod culture — sizes, strengths, and why no single species is universally best."", ""og:type"": ""article"", ""og:url"": ""https://orrbiologicals.com/applications/best-microalgae-for-copepod-culture"", ""og:image"": ""https://orrbiologicals.com/assets/images/library/microscopy-field.svg"", ""article:published_time"": ""2026-08-31"", ""twitter:card"": ""summary_large_image"", ""og:site_name"": ""Orr Biologicals"", ""twitter:title"": ""Best Microalgae for Copepod Culture | Orr Biologicals"", ""twitter:description"": ""Isochrysis, Pavlova, Nannochloropsis, Tetraselmis, Chaetoceros and Rhodomonas compared for copepod culture — sizes, strengths, and why no single species is universally best."", ""twitter:image"": ""https://orrbiologicals.com/assets/images/library/microscopy-field.svg"", ""article:modified_time"": ""2026-10-04""}"
https://orrbiologicals.com/applications/how-to-feed-copepods,applications/how-to-feed-copepods.html,How to Feed Copepods With Phytoplankton | Orr Biologicals,How to Feed Copepods With Phytoplankton | Orr Biologicals,"Why cultured microalgae make the best copepod feed, which factors actually matter — cell size, density, nutrition — and why different copepod species respond differently.","Why cultured microalgae make the best copepod feed, which factors actually matter — cell size, density, nutrition — and why different copepod species respond differently.","[""How to Feed Copepods With Phytoplankton""]","[""Why live microalgae, not dry feed"", ""The factors that actually matter"", ""Why species respond differently"", ""Delivery practices that help"", ""Connect this guide to the wider research""]",Informational,How to Feed Copepods With Phytoplankton,"[""Why live microalgae, not dry feed"", ""The factors that actually matter"", ""Why species respond differently"", ""Delivery practices that help"", ""Connect this guide to the wider research""]",Learn / evaluate research concepts,Applications,588,Editorial review required; word count is not a quality score,"[""https://orrbiologicals.com/applications/"", ""https://orrbiologicals.com/applications/best-microalgae-for-copepod-culture"", ""https://orrbiologicals.com/applications/microalgae-for-marine-fish-larvae"", ""https://orrbiologicals.com/applications/phytoplankton-aquaculture-food-webs"", ""https://orrbiologicals.com/applications/species/pavlova"", ""https://orrbiologicals.com/applications/why-isochrysis-matters-aquaculture""]","[""https://orrbiologicals.com/"", ""https://orrbiologicals.com/#deploy"", ""https://orrbiologicals.com/#inside"", ""https://orrbiologicals.com/#products"", ""https://orrbiologicals.com/algae-biotechnology/"", ""https://orrbiologicals.com/applications/"", ""https://orrbiologicals.com/applications/#species"", ""https://orrbiologicals.com/applications/best-microalgae-for-copepod-culture"", ""https://orrbiologicals.com/applications/how-to-grow-a-microalgae-culture"", ""https://orrbiologicals.com/applications/phytoplankton-aquaculture-food-webs"", ""https://orrbiologicals.com/applications/species/isochrysis-tisochrysis"", ""https://orrbiologicals.com/applications/species/pavlova"", ""https://orrbiologicals.com/blog/"", ""https://orrbiologicals.com/cyanoflow"", ""https://orrbiologicals.com/disclaimer"", ""https://orrbiologicals.com/game/"", ""https://orrbiologicals.com/glossary"", ""https://orrbiologicals.com/microalgae-cultivation/"", ""https://orrbiologicals.com/privacy"", ""https://orrbiologicals.com/research/"", ""https://orrbiologicals.com/terms""]",[],https://orrbiologicals.com/applications/how-to-feed-copepods,"[""Article"", ""BreadcrumbList"", ""FAQPage""]",[],"[{""src"": ""/assets/images/library/copepod-feeding.svg"", ""alt"": ""Illustration of a copepod surrounded by phytoplankton cells of different sizes"", ""width"": ""800"", ""height"": ""450""}]",Illustrations vs measurements must be labeled; no pixel review implied,"{""missing"": 0, ""empty"": 0}",indexable,Supporting,KEEP,1,[],"{"""": """", ""viewport"": ""width=device-width, initial-scale=1"", ""referrer"": ""strict-origin-when-cross-origin"", ""description"": ""Why cultured microalgae make the best copepod feed, which factors actually matter — cell size, density, nutrition — and why different copepod species respond differently."", ""og:title"": ""How to Feed Copepods With Phytoplankton | Orr Biologicals"", ""og:description"": ""Why cultured microalgae make the best copepod feed, which factors actually matter — cell size, density, nutrition — and why different copepod species respond differently."", ""og:type"": ""article"", ""og:url"": ""https://orrbiologicals.com/applications/how-to-feed-copepods"", ""og:image"": ""https://orrbiologicals.com/assets/images/library/copepod-feeding.svg"", ""article:published_time"": ""2026-08-31"", ""twitter:card"": ""summary_large_image"", ""og:site_name"": ""Orr Biologicals"", ""twitter:title"": ""How to Feed Copepods With Phytoplankton | Orr Biologicals"", ""twitter:description"": ""Why cultured microalgae make the best copepod feed, which factors actually matter — cell size, density, nutrition — and why different copepod species respond differently."", ""twitter:image"": ""https://orrbiologicals.com/assets/images/library/copepod-feeding.svg"", ""article:modified_time"": ""2026-10-04""}"
https://orrbiologicals.com/applications/how-to-grow-a-microalgae-culture,applications/how-to-grow-a-microalgae-culture.html,How to Grow a Microalgae Culture | Orr Biologicals,How to Grow a Microalgae Culture | Orr Biologicals,"Microalgae cultivation explained for beginners: vessels, light, nutrients, temperature, mixing and monitoring — and why parameters vary by species and strain.","Microalgae cultivation explained for beginners: vessels, light, nutrients, temperature, mixing and monitoring — and why parameters vary by species and strain.","[""How to Grow a Microalgae Culture""]","[""The five inputs"", ""Monitoring without a laboratory"", ""The rhythm"", ""Connect this guide to the wider research""]",Informational,How to Grow a Microalgae Culture,"[""The five inputs"", ""Monitoring without a laboratory"", ""The rhythm"", ""Connect this guide to the wider research""]",Learn / evaluate research concepts,Applications,530,Editorial review required; word count is not a quality score,"[""https://orrbiologicals.com/applications/"", ""https://orrbiologicals.com/applications/how-to-feed-copepods"", ""https://orrbiologicals.com/applications/how-to-scale-a-microalgae-culture"", ""https://orrbiologicals.com/applications/how-to-start-a-phytoplankton-culture"", ""https://orrbiologicals.com/applications/phytoplankton-aquaculture-food-webs"", ""https://orrbiologicals.com/applications/prevent-contamination-microalgae-cultures"", ""https://orrbiologicals.com/applications/species/chlorella"", ""https://orrbiologicals.com/applications/species/nannochloropsis"", ""https://orrbiologicals.com/applications/species/tetraselmis"", ""https://orrbiologicals.com/microalgae-cultivation/"", ""https://orrbiologicals.com/research/""]","[""https://orrbiologicals.com/"", ""https://orrbiologicals.com/#deploy"", ""https://orrbiologicals.com/#inside"", ""https://orrbiologicals.com/#products"", ""https://orrbiologicals.com/algae-biotechnology/"", ""https://orrbiologicals.com/applications/"", ""https://orrbiologicals.com/applications/#species"", ""https://orrbiologicals.com/applications/how-to-scale-a-microalgae-culture"", ""https://orrbiologicals.com/applications/how-to-start-a-phytoplankton-culture"", ""https://orrbiologicals.com/applications/prevent-contamination-microalgae-cultures"", ""https://orrbiologicals.com/blog/"", ""https://orrbiologicals.com/cyanoflow"", ""https://orrbiologicals.com/disclaimer"", ""https://orrbiologicals.com/game/"", ""https://orrbiologicals.com/glossary"", ""https://orrbiologicals.com/microalgae-cultivation/"", ""https://orrbiologicals.com/privacy"", ""https://orrbiologicals.com/research/"", ""https://orrbiologicals.com/terms""]",[],https://orrbiologicals.com/applications/how-to-grow-a-microalgae-culture,"[""Article"", ""BreadcrumbList"", ""FAQPage""]",[],"[{""src"": ""/assets/images/library/culture-vessels.svg"", ""alt"": ""Illustration of microalgae culture vessels of increasing size from flask to column"", ""width"": ""800"", ""height"": ""450""}]",Illustrations vs measurements must be labeled; no pixel review implied,"{""missing"": 0, ""empty"": 0}",indexable,Supporting,KEEP,1,[],"{"""": """", ""viewport"": ""width=device-width, initial-scale=1"", ""referrer"": ""strict-origin-when-cross-origin"", ""description"": ""Microalgae cultivation explained for beginners: vessels, light, nutrients, temperature, mixing and monitoring — and why parameters vary by species and strain."", ""og:title"": ""How to Grow a Microalgae Culture | Orr Biologicals"", ""og:description"": ""Microalgae cultivation explained for beginners: vessels, light, nutrients, temperature, mixing and monitoring — and why parameters vary by species and strain."", ""og:type"": ""article"", ""og:url"": ""https://orrbiologicals.com/applications/how-to-grow-a-microalgae-culture"", ""og:image"": ""https://orrbiologicals.com/assets/images/library/culture-vessels.svg"", ""article:published_time"": ""2026-08-31"", ""twitter:card"": ""summary_large_image"", ""og:site_name"": ""Orr Biologicals"", ""twitter:title"": ""How to Grow a Microalgae Culture | Orr Biologicals"", ""twitter:description"": ""Microalgae cultivation explained for beginners: vessels, light, nutrients, temperature, mixing and monitoring — and why parameters vary by species and strain."", ""twitter:image"": ""https://orrbiologicals.com/assets/images/library/culture-vessels.svg"", ""article:modified_time"": ""2026-10-04""}"
https://orrbiologicals.com/applications/how-to-scale-a-microalgae-culture,applications/how-to-scale-a-microalgae-culture.html,How to Scale a Microalgae Culture Up | Orr Biologicals,How to Scale a Microalgae Culture Up | Orr Biologicals,"Scaling microalgae from starter to production volume: transfer ratios, growth phase timing, light through dense culture, and keeping reserves alive.","Scaling microalgae from starter to production volume: transfer ratios, growth phase timing, light through dense culture, and keeping reserves alive.","[""How to Scale a Microalgae Culture""]","[""Time transfers to the growth curve"", ""Respect the light problem"", ""Keep reserves at every rung"", ""What changes at volume"", ""Connect this guide to the wider research""]",Informational,How to Scale a Microalgae Culture,"[""Time transfers to the growth curve"", ""Respect the light problem"", ""Keep reserves at every rung"", ""What changes at volume"", ""Connect this guide to the wider research""]",Learn / evaluate research concepts,Applications,503,Editorial review required; word count is not a quality score,"[""https://orrbiologicals.com/applications/"", ""https://orrbiologicals.com/applications/how-to-grow-a-microalgae-culture"", ""https://orrbiologicals.com/applications/prevent-contamination-microalgae-cultures"", ""https://orrbiologicals.com/microalgae-cultivation/"", ""https://orrbiologicals.com/photobioreactors/""]","[""https://orrbiologicals.com/"", ""https://orrbiologicals.com/#deploy"", ""https://orrbiologicals.com/#inside"", ""https://orrbiologicals.com/#products"", ""https://orrbiologicals.com/#twin"", ""https://orrbiologicals.com/algae-biotechnology/"", ""https://orrbiologicals.com/applications/"", ""https://orrbiologicals.com/applications/#species"", ""https://orrbiologicals.com/applications/how-to-grow-a-microalgae-culture"", ""https://orrbiologicals.com/applications/phytoplankton-aquaculture-food-webs"", ""https://orrbiologicals.com/applications/prevent-contamination-microalgae-cultures"", ""https://orrbiologicals.com/blog/"", ""https://orrbiologicals.com/cyanoflow"", ""https://orrbiologicals.com/disclaimer"", ""https://orrbiologicals.com/game/"", ""https://orrbiologicals.com/glossary"", ""https://orrbiologicals.com/microalgae-cultivation/"", ""https://orrbiologicals.com/privacy"", ""https://orrbiologicals.com/research/"", ""https://orrbiologicals.com/terms""]",[],https://orrbiologicals.com/applications/how-to-scale-a-microalgae-culture,"[""Article"", ""BreadcrumbList"", ""FAQPage""]",[],"[{""src"": ""/assets/images/library/scaling.svg"", ""alt"": ""Illustration of serial microalgae scale-up from small flask to large tank with arrows"", ""width"": ""800"", ""height"": ""450""}]",Illustrations vs measurements must be labeled; no pixel review implied,"{""missing"": 0, ""empty"": 0}",indexable,Supporting,KEEP,1,[],"{"""": """", ""viewport"": ""width=device-width, initial-scale=1"", ""referrer"": ""strict-origin-when-cross-origin"", ""description"": ""Scaling microalgae from starter to production volume: transfer ratios, growth phase timing, light through dense culture, and keeping reserves alive."", ""og:title"": ""How to Scale a Microalgae Culture Up | Orr Biologicals"", ""og:description"": ""Scaling microalgae from starter to production volume: transfer ratios, growth phase timing, light through dense culture, and keeping reserves alive."", ""og:type"": ""article"", ""og:url"": ""https://orrbiologicals.com/applications/how-to-scale-a-microalgae-culture"", ""og:image"": ""https://orrbiologicals.com/assets/images/library/scaling.svg"", ""article:published_time"": ""2026-08-31"", ""twitter:card"": ""summary_large_image"", ""og:site_name"": ""Orr Biologicals"", ""twitter:title"": ""How to Scale a Microalgae Culture Up | Orr Biologicals"", ""twitter:description"": ""Scaling microalgae from starter to production volume: transfer ratios, growth phase timing, light through dense culture, and keeping reserves alive."", ""twitter:image"": ""https://orrbiologicals.com/assets/images/library/scaling.svg"", ""article:modified_time"": ""2026-10-04""}"
https://orrbiologicals.com/applications/how-to-start-a-phytoplankton-culture,applications/how-to-start-a-phytoplankton-culture.html,How to Start a Phytoplankton Culture | Orr Biologicals,How to Start a Phytoplankton Culture | Orr Biologicals,"The first two weeks of a phytoplankton culture: sourcing starter material, first vessels, first feeding of the culture, and the mistakes that kill new cultures.","The first two weeks of a phytoplankton culture: sourcing starter material, first vessels, first feeding of the culture, and the mistakes that kill new cultures.","[""How to Start a Phytoplankton Culture""]","[""Step one: choose the species on purpose"", ""Step two: source clean starter material"", ""Step three: set up small and steady"", ""The first two weeks"", ""Connect this guide to the wider research""]",Informational,How to Start a Phytoplankton Culture,"[""Step one: choose the species on purpose"", ""Step two: source clean starter material"", ""Step three: set up small and steady"", ""The first two weeks"", ""Connect this guide to the wider research""]",Learn / evaluate research concepts,Applications,491,Editorial review required; word count is not a quality score,"[""https://orrbiologicals.com/applications/"", ""https://orrbiologicals.com/applications/how-to-grow-a-microalgae-culture"", ""https://orrbiologicals.com/applications/species/nannochloropsis"", ""https://orrbiologicals.com/microalgae-cultivation/""]","[""https://orrbiologicals.com/"", ""https://orrbiologicals.com/#deploy"", ""https://orrbiologicals.com/#inside"", ""https://orrbiologicals.com/#products"", ""https://orrbiologicals.com/algae-biotechnology/"", ""https://orrbiologicals.com/applications/"", ""https://orrbiologicals.com/applications/#species"", ""https://orrbiologicals.com/applications/how-to-grow-a-microalgae-culture"", ""https://orrbiologicals.com/applications/prevent-contamination-microalgae-cultures"", ""https://orrbiologicals.com/applications/species/chlorella"", ""https://orrbiologicals.com/applications/species/isochrysis-tisochrysis"", ""https://orrbiologicals.com/applications/species/nannochloropsis"", ""https://orrbiologicals.com/applications/species/tetraselmis"", ""https://orrbiologicals.com/blog/"", ""https://orrbiologicals.com/cyanoflow"", ""https://orrbiologicals.com/disclaimer"", ""https://orrbiologicals.com/game/"", ""https://orrbiologicals.com/glossary"", ""https://orrbiologicals.com/microalgae-cultivation/"", ""https://orrbiologicals.com/privacy"", ""https://orrbiologicals.com/research/"", ""https://orrbiologicals.com/terms""]",[],https://orrbiologicals.com/applications/how-to-start-a-phytoplankton-culture,"[""Article"", ""BreadcrumbList"", ""FAQPage""]",[],"[{""src"": ""/assets/images/library/starter-culture.svg"", ""alt"": ""Illustration of a small starter phytoplankton culture in a flask on a light shelf"", ""width"": ""800"", ""height"": ""450""}]",Illustrations vs measurements must be labeled; no pixel review implied,"{""missing"": 0, ""empty"": 0}",indexable,Supporting,KEEP,1,[],"{"""": """", ""viewport"": ""width=device-width, initial-scale=1"", ""referrer"": ""strict-origin-when-cross-origin"", ""description"": ""The first two weeks of a phytoplankton culture: sourcing starter material, first vessels, first feeding of the culture, and the mistakes that kill new cultures."", ""og:title"": ""How to Start a Phytoplankton Culture | Orr Biologicals"", ""og:description"": ""The first two weeks of a phytoplankton culture: sourcing starter material, first vessels, first feeding of the culture, and the mistakes that kill new cultures."", ""og:type"": ""article"", ""og:url"": ""https://orrbiologicals.com/applications/how-to-start-a-phytoplankton-culture"", ""og:image"": ""https://orrbiologicals.com/assets/images/library/starter-culture.svg"", ""article:published_time"": ""2026-08-31"", ""twitter:card"": ""summary_large_image"", ""og:site_name"": ""Orr Biologicals"", ""twitter:title"": ""How to Start a Phytoplankton Culture | Orr Biologicals"", ""twitter:description"": ""The first two weeks of a phytoplankton culture: sourcing starter material, first vessels, first feeding of the culture, and the mistakes that kill new cultures."", ""twitter:image"": ""https://orrbiologicals.com/assets/images/library/starter-culture.svg"", ""article:modified_time"": ""2026-10-04""}"
https://orrbiologicals.com/applications/,applications/index.html,Applications: Microalgae and Phytoplankton Hub | Orr Biologicals,Applications: Microalgae and Phytoplankton Hub | Orr Biologicals,"The Algaephyte knowledge hub: microalgae cultivation, phytoplankton species guides, aquaculture live feeds and algal biotechnology — practical, honest, illustrated.","The Algaephyte knowledge hub: microalgae cultivation, phytoplankton species guides, aquaculture live feeds and algal biotechnology — practical, honest, illustrated.","[""Microalgae knowledge: cultivation, species and applications""]","[""Bringing it together: the Algaephyte platform"", ""Start here"", ""Aquaculture and live feeds"", ""Cultivation"", ""Species guides"", ""Biotechnology"", ""How Algaephyte supports all of this"", ""Algaephyte field notes"", ""Connect this guide to the wider research""]",Informational,"Microalgae knowledge: cultivation, species and applications","[""Bringing it together: the Algaephyte platform"", ""Start here"", ""Aquaculture and live feeds"", ""Cultivation"", ""Species guides"", ""Biotechnology"", ""How Algaephyte supports all of this"", ""Algaephyte field notes"", ""Connect this guide to the wider research""]",Learn / evaluate research concepts,Applications,1358,Editorial review required; word count is not a quality score,"[""https://orrbiologicals.com/"", ""https://orrbiologicals.com/404"", ""https://orrbiologicals.com/algae-biotechnology/"", ""https://orrbiologicals.com/algaephyte/"", ""https://orrbiologicals.com/applications/algae-rations-for-bivalve-larvae"", ""https://orrbiologicals.com/applications/best-microalgae-for-copepod-culture"", ""https://orrbiologicals.com/applications/how-to-feed-copepods"", ""https://orrbiologicals.com/applications/how-to-grow-a-microalgae-culture"", ""https://orrbiologicals.com/applications/how-to-scale-a-microalgae-culture"", ""https://orrbiologicals.com/applications/how-to-start-a-phytoplankton-culture"", ""https://orrbiologicals.com/applications/microalgae-for-marine-fish-larvae"", ""https://orrbiologicals.com/applications/microalgal-biotechnology"", ""https://orrbiologicals.com/applications/pavlova-vs-isochrysis"", ""https://orrbiologicals.com/applications/phytoplankton-aquaculture-food-webs"", ""https://orrbiologicals.com/applications/prevent-contamination-microalgae-cultures"", ""https://orrbiologicals.com/applications/species/arthrospira"", ""https://orrbiologicals.com/applications/species/chaetoceros"", ""https://orrbiologicals.com/applications/species/chlorella"", ""https://orrbiologicals.com/applications/species/dunaliella"", ""https://orrbiologicals.com/applications/species/haematococcus"", ""https://orrbiologicals.com/applications/species/isochrysis-tisochrysis"", ""https://orrbiologicals.com/applications/species/nannochloropsis"", ""https://orrbiologicals.com/applications/species/pavlova"", ""https://orrbiologicals.com/applications/species/phaeodactylum"", ""https://orrbiologicals.com/applications/species/tetraselmis"", ""https://orrbiologicals.com/applications/why-isochrysis-matters-aquaculture"", ""https://orrbiologicals.com/blog/"", ""https://orrbiologicals.com/blog/alkalinity-as-a-control-variable"", ""https://orrbiologicals.com/blog/bounded-autonomy-safe-ai-proposals"", ""https://orrbiologicals.com/blog/control-loop-architecture"", ""https://orrbiologicals.com/blog/digital-twin-droop-steele-model"", ""https://orrbiologicals.com/blog/digital-twins-biological-cultivation"", ""https://orrbiologicals.com/blog/dissolved-oxygen-stress-signal"", ""https://orrbiologicals.com/blog/edge-ai-biological-systems"", ""https://orrbiologicals.com/blog/federated-learning-network"", ""https://orrbiologicals.com/blog/harvesting-and-using-fresh-spirulina"", ""https://orrbiologicals.com/blog/how-main-keeps-culture-safe"", ""https://orrbiologicals.com/blog/how-to-start-home-spirulina-culture"", ""https://orrbiologicals.com/blog/light-temperature-mixing"", ""https://orrbiologicals.com/blog/photobioreactor-ai-optimization"", ""https://orrbiologicals.com/blog/reading-your-culture"", ""https://orrbiologicals.com/blog/single-cell-microalgae-microfluidics"", ""https://orrbiologicals.com/blog/six-culture-signals-main-senses"", ""https://orrbiologicals.com/blog/spirulina-is-a-cyanobacterium"", ""https://orrbiologicals.com/blog/troubleshooting-contamination-crashes"", ""https://orrbiologicals.com/blog/troubleshooting-ph-and-carbon"", ""https://orrbiologicals.com/blog/vision-contamination-detection"", ""https://orrbiologicals.com/blog/what-is-main-plain-language"", ""https://orrbiologicals.com/blog/winter-home-growing-warmth"", ""https://orrbiologicals.com/blog/zarrouk-medium-and-nutrients"", ""https://orrbiologicals.com/cyanoflow"", ""https://orrbiologicals.com/disclaimer"", ""https://orrbiologicals.com/game/"", ""https://orrbiologicals.com/glossary"", ""https://orrbiologicals.com/microalgae-cultivation/"", ""https://orrbiologicals.com/photobioreactors/"", ""https://orrbiologicals.com/privacy"", ""https://orrbiologicals.com/research/"", ""https://orrbiologicals.com/terms""]","[""https://orrbiologicals.com/"", ""https://orrbiologicals.com/#deploy"", ""https://orrbiologicals.com/#inside"", ""https://orrbiologicals.com/#products"", ""https://orrbiologicals.com/algae-biotechnology/"", ""https://orrbiologicals.com/algaephyte/"", ""https://orrbiologicals.com/applications/"", ""https://orrbiologicals.com/applications/#aquaculture"", ""https://orrbiologicals.com/applications/#cultivation"", ""https://orrbiologicals.com/applications/#species"", ""https://orrbiologicals.com/applications/algae-rations-for-bivalve-larvae"", ""https://orrbiologicals.com/applications/best-microalgae-for-copepod-culture"", ""https://orrbiologicals.com/applications/how-to-feed-copepods"", ""https://orrbiologicals.com/applications/how-to-grow-a-microalgae-culture"", ""https://orrbiologicals.com/applications/how-to-scale-a-microalgae-culture"", ""https://orrbiologicals.com/applications/how-to-start-a-phytoplankton-culture"", ""https://orrbiologicals.com/applications/microalgae-for-marine-fish-larvae"", ""https://orrbiologicals.com/applications/microalgal-biotechnology"", ""https://orrbiologicals.com/applications/pavlova-vs-isochrysis"", ""https://orrbiologicals.com/applications/phytoplankton-aquaculture-food-webs"", ""https://orrbiologicals.com/applications/prevent-contamination-microalgae-cultures"", ""https://orrbiologicals.com/applications/species/arthrospira"", ""https://orrbiologicals.com/applications/species/chaetoceros"", ""https://orrbiologicals.com/applications/species/chlorella"", ""https://orrbiologicals.com/applications/species/dunaliella"", ""https://orrbiologicals.com/applications/species/haematococcus"", ""https://orrbiologicals.com/applications/species/isochrysis-tisochrysis"", ""https://orrbiologicals.com/applications/species/nannochloropsis"", ""https://orrbiologicals.com/applications/species/pavlova"", ""https://orrbiologicals.com/applications/species/phaeodactylum"", ""https://orrbiologicals.com/applications/species/tetraselmis"", ""https://orrbiologicals.com/applications/why-isochrysis-matters-aquaculture"", ""https://orrbiologicals.com/blog/"", ""https://orrbiologicals.com/cyanoflow"", ""https://orrbiologicals.com/disclaimer"", ""https://orrbiologicals.com/game/"", ""https://orrbiologicals.com/glossary"", ""https://orrbiologicals.com/microalgae-cultivation/"", ""https://orrbiologicals.com/photobioreactors/"", ""https://orrbiologicals.com/privacy"", ""https://orrbiologicals.com/research/"", ""https://orrbiologicals.com/terms""]",[],https://orrbiologicals.com/applications/,"[""CollectionPage"", ""BreadcrumbList""]",[],"[{""class"": ""hub-card-img"", ""src"": ""/assets/images/library/copepod-feeding.svg"", ""alt"": ""Illustration of a copepod surrounded by phytoplankton cells of different sizes"", ""width"": ""800"", ""height"": ""450"", ""loading"": ""lazy""}, {""class"": ""hub-card-img"", ""src"": ""/assets/images/library/culture-vessels.svg"", ""alt"": ""Illustration of microalgae culture vessels of increasing size from flask to column"", ""width"": ""800"", ""height"": ""450"", ""loading"": ""lazy""}, {""class"": ""hub-card-img"", ""src"": ""/assets/images/library/bivalve-larvae.svg"", ""alt"": ""Illustration of bivalve larvae at different stages swimming among flagellate feed cells"", ""width"": ""800"", ""height"": ""450"", ""loading"": ""lazy""}, {""class"": ""hub-card-img"", ""src"": ""/assets/images/library/bivalve-larvae.svg"", ""alt"": ""Illustration of bivalve larvae at different stages swimming among flagellate feed cells"", ""width"": ""800"", ""height"": ""450"", ""loading"": ""lazy""}, {""class"": ""hub-card-img"", ""src"": ""/assets/images/library/copepod-feeding.svg"", ""alt"": ""Illustration of a copepod surrounded by phytoplankton cells of different sizes"", ""width"": ""800"", ""height"": ""450"", ""loading"": ""lazy""}, {""class"": ""hub-card-img"", ""src"": ""/assets/images/library/fish-larvae.svg"", ""alt"": ""Illustration of a marine fish larva with a yolk sac swimming among phytoplankton cells"", ""width"": ""800"", ""height"": ""450"", ""loading"": ""lazy""}, {""class"": ""hub-card-img"", ""src"": ""/assets/images/library/microscopy-field.svg"", ""alt"": ""Illustration of a microscope field of view with six different microalgal species side by side"", ""width"": ""800"", ""height"": ""450"", ""loading"": ""lazy""}, {""class"": ""hub-card-img"", ""src"": ""/assets/images/library/isochrysis-cells.svg"", ""alt"": ""Illustration of small golden Isochrysis flagellates with paired flagella"", ""width"": ""800"", ""height"": ""450"", ""loading"": ""lazy""}, {""class"": ""hub-card-img"", ""src"": ""/assets/images/library/species/pavlova.svg"", ""alt"": ""Illustration of Pavlova cells beside a copepod for scale"", ""width"": ""800"", ""height"": ""450"", ""loading"": ""lazy""}, {""class"": ""hub-card-img"", ""src"": ""/assets/images/library/food-web.svg"", ""alt"": ""Illustration of the microalgae to zooplankton to fish larvae food chain"", ""width"": ""800"", ""height"": ""450"", ""loading"": ""lazy""}, {""class"": ""hub-card-img"", ""src"": ""/assets/images/library/starter-culture.svg"", ""alt"": ""Illustration of a clean starter culture being transferred under a laminar flow hood"", ""width"": ""800"", ""height"": ""450"", ""loading"": ""lazy""}, {""class"": ""hub-card-img"", ""src"": ""/assets/images/library/contamination.svg"", ""alt"": ""Illustration of a contaminated culture flask beside a clean one showing visual differences"", ""width"": ""800"", ""height"": ""450"", ""loading"": ""lazy""}, {""class"": ""hub-card-img"", ""src"": ""/assets/images/library/scaling.svg"", ""alt"": ""Illustration of culture volumes scaling from test tube to flask to carboy to tank"", ""width"": ""800"", ""height"": ""450"", ""loading"": ""lazy""}, {""class"": ""hub-card-img"", ""src"": ""/assets/images/library/species/arthrospira.svg"", ""alt"": ""Illustration of helical Arthrospira trichomes under magnification"", ""width"": ""800"", ""height"": ""450"", ""loading"": ""lazy""}, {""class"": ""hub-card-img"", ""src"": ""/assets/images/library/species/chlorella.svg"", ""alt"": ""Illustration of small spherical Chlorella cells"", ""width"": ""800"", ""height"": ""450"", ""loading"": ""lazy""}, {""class"": ""hub-card-img"", ""src"": ""/assets/images/library/species/pavlova.svg"", ""alt"": ""Illustration of Pavlova cells beside a copepod for scale"", ""width"": ""800"", ""height"": ""450"", ""loading"": ""lazy""}, {""class"": ""hub-card-img"", ""src"": ""/assets/images/library/isochrysis-cells.svg"", ""alt"": ""Illustration of small golden Isochrysis flagellates with paired flagella"", ""width"": ""800"", ""height"": ""450"", ""loading"": ""lazy""}, {""class"": ""hub-card-img"", ""src"": ""/assets/images/library/species/nannochloropsis.svg"", ""alt"": ""Illustration of tiny spherical Nannochloropsis cells"", ""width"": ""800"", ""height"": ""450"", ""loading"": ""lazy""}, {""class"": ""hub-card-img"", ""src"": ""/assets/images/library/species/tetraselmis.svg"", ""alt"": ""Illustration of larger Tetraselmis cells with four flagella"", ""width"": ""800"", ""height"": ""450"", ""loading"": ""lazy""}, {""class"": ""hub-card-img"", ""src"": ""/assets/images/library/species/dunaliella.svg"", ""alt"": ""Illustration of Dunaliella cells with long flagella in salty water"", ""width"": ""800"", ""height"": ""450"", ""loading"": ""lazy""}, {""class"": ""hub-card-img"", ""src"": ""/assets/images/library/species/haematococcus.svg"", ""alt"": ""Illustration of Haematococcus cysts turning red with astaxanthin"", ""width"": ""800"", ""height"": ""450"", ""loading"": ""lazy""}, {""class"": ""hub-card-img"", ""src"": ""/assets/images/library/species/phaeodactylum.svg"", ""alt"": ""Illustration of fusiform Phaeodactylum diatom cells"", ""width"": ""800"", ""height"": ""450"", ""loading"": ""lazy""}, {""class"": ""hub-card-img"", ""src"": ""/assets/images/library/species/chaetoceros.svg"", ""alt"": ""Illustration of a Chaetoceros chain with long setae"", ""width"": ""800"", ""height"": ""450"", ""loading"": ""lazy""}, {""class"": ""hub-card-img"", ""src"": ""/assets/images/library/biotech-compounds.svg"", ""alt"": ""Illustration of microalgal cells beside the high-value compound classes extracted from them"", ""width"": ""800"", ""height"": ""450"", ""loading"": ""lazy""}]",Illustrations vs measurements must be labeled; no pixel review implied,"{""missing"": 0, ""empty"": 0}",indexable,High,KEEP,1,[],"{"""": """", ""viewport"": ""width=device-width, initial-scale=1"", ""referrer"": ""strict-origin-when-cross-origin"", ""description"": ""The Algaephyte knowledge hub: microalgae cultivation, phytoplankton species guides, aquaculture live feeds and algal biotechnology — practical, honest, illustrated."", ""og:title"": ""Applications: Microalgae and Phytoplankton Hub | Orr Biologicals"", ""og:description"": ""The Algaephyte knowledge hub: microalgae cultivation, phytoplankton species guides, aquaculture live feeds and algal biotechnology — practical, honest, illustrated."", ""og:type"": ""website"", ""og:url"": ""https://orrbiologicals.com/applications/"", ""og:image"": ""https://orrbiologicals.com/assets/images/library/microscopy-field.svg"", ""article:published_time"": ""2026-08-31"", ""twitter:card"": ""summary_large_image"", ""og:site_name"": ""Orr Biologicals"", ""twitter:title"": ""Applications: Microalgae and Phytoplankton Hub | Orr Biologicals"", ""twitter:description"": ""The Algaephyte knowledge hub: microalgae cultivation, phytoplankton species guides, aquaculture live feeds and algal biotechnology — practical, honest, illustrated."", ""twitter:image"": ""https://orrbiologicals.com/assets/images/library/microscopy-field.svg"", ""article:modified_time"": ""2026-10-04""}"
https://orrbiologicals.com/applications/microalgae-for-marine-fish-larvae,applications/microalgae-for-marine-fish-larvae.html,Microalgae in Marine Fish Larviculture | Orr Biologicals,Microalgae in Marine Fish Larviculture | Orr Biologicals,"How phytoplankton fits marine larviculture: green water, rotifers and Artemia enrichment, and the fatty acids that decide larval survival.","How phytoplankton fits marine larviculture: green water, rotifers and Artemia enrichment, and the fatty acids that decide larval survival.","[""How Microalgae Are Used to Feed Marine Fish Larvae""]","[""The green water technique"", ""The live-feed chain"", ""Where copepods fit"", ""What this means in practice"", ""Connect this guide to the wider research""]",Informational,How Microalgae Are Used to Feed Marine Fish Larvae,"[""The green water technique"", ""The live-feed chain"", ""Where copepods fit"", ""What this means in practice"", ""Connect this guide to the wider research""]",Learn / evaluate research concepts,Applications,521,Editorial review required; word count is not a quality score,"[""https://orrbiologicals.com/applications/"", ""https://orrbiologicals.com/applications/phytoplankton-aquaculture-food-webs"", ""https://orrbiologicals.com/applications/species/chlorella"", ""https://orrbiologicals.com/applications/species/nannochloropsis""]","[""https://orrbiologicals.com/"", ""https://orrbiologicals.com/#deploy"", ""https://orrbiologicals.com/#inside"", ""https://orrbiologicals.com/#products"", ""https://orrbiologicals.com/algae-biotechnology/"", ""https://orrbiologicals.com/applications/"", ""https://orrbiologicals.com/applications/#species"", ""https://orrbiologicals.com/applications/best-microalgae-for-copepod-culture"", ""https://orrbiologicals.com/applications/how-to-feed-copepods"", ""https://orrbiologicals.com/applications/phytoplankton-aquaculture-food-webs"", ""https://orrbiologicals.com/applications/species/isochrysis-tisochrysis"", ""https://orrbiologicals.com/applications/species/nannochloropsis"", ""https://orrbiologicals.com/applications/species/tetraselmis"", ""https://orrbiologicals.com/blog/"", ""https://orrbiologicals.com/cyanoflow"", ""https://orrbiologicals.com/disclaimer"", ""https://orrbiologicals.com/game/"", ""https://orrbiologicals.com/glossary"", ""https://orrbiologicals.com/microalgae-cultivation/"", ""https://orrbiologicals.com/privacy"", ""https://orrbiologicals.com/research/"", ""https://orrbiologicals.com/terms""]",[],https://orrbiologicals.com/applications/microalgae-for-marine-fish-larvae,"[""Article"", ""BreadcrumbList"", ""FAQPage""]",[],"[{""src"": ""/assets/images/library/fish-larvae.svg"", ""alt"": ""Illustration of a marine fish larva with a yolk sac swimming among phytoplankton cells"", ""width"": ""800"", ""height"": ""450""}]",Illustrations vs measurements must be labeled; no pixel review implied,"{""missing"": 0, ""empty"": 0}",indexable,Supporting,KEEP,1,[],"{"""": """", ""viewport"": ""width=device-width, initial-scale=1"", ""referrer"": ""strict-origin-when-cross-origin"", ""description"": ""How phytoplankton fits marine larviculture: green water, rotifers and Artemia enrichment, and the fatty acids that decide larval survival."", ""og:title"": ""Microalgae in Marine Fish Larviculture | Orr Biologicals"", ""og:description"": ""How phytoplankton fits marine larviculture: green water, rotifers and Artemia enrichment, and the fatty acids that decide larval survival."", ""og:type"": ""article"", ""og:url"": ""https://orrbiologicals.com/applications/microalgae-for-marine-fish-larvae"", ""og:image"": ""https://orrbiologicals.com/assets/images/library/fish-larvae.svg"", ""article:published_time"": ""2026-08-31"", ""twitter:card"": ""summary_large_image"", ""og:site_name"": ""Orr Biologicals"", ""twitter:title"": ""Microalgae in Marine Fish Larviculture | Orr Biologicals"", ""twitter:description"": ""How phytoplankton fits marine larviculture: green water, rotifers and Artemia enrichment, and the fatty acids that decide larval survival."", ""twitter:image"": ""https://orrbiologicals.com/assets/images/library/fish-larvae.svg"", ""article:modified_time"": ""2026-10-04""}"
https://orrbiologicals.com/applications/microalgal-biotechnology,applications/microalgal-biotechnology.html,Microalgal Biotechnology: Pigments and Lipids | Orr Biologicals,Microalgal Biotechnology: Pigments and Lipids | Orr Biologicals,"What industry extracts from microalgae — astaxanthin, beta-carotene, phycocyanin, EPA, DHA, protein — which species produce them, and what is honestly established.","What industry extracts from microalgae — astaxanthin, beta-carotene, phycocyanin, EPA, DHA, protein — which species produce them, and what is honestly established.","[""Microalgal Biotechnology: Pigments, Lipids, Proteins and Beyond""]","[""Pigments: the crown jewels"", ""Lipids and proteins"", ""The honest boundaries"", ""Connect this guide to the wider research""]",Informational,"Microalgal Biotechnology: Pigments, Lipids, Proteins and Beyond","[""Pigments: the crown jewels"", ""Lipids and proteins"", ""The honest boundaries"", ""Connect this guide to the wider research""]",Learn / evaluate research concepts,Applications,423,Editorial review required; word count is not a quality score,"[""https://orrbiologicals.com/algae-biotechnology/"", ""https://orrbiologicals.com/applications/"", ""https://orrbiologicals.com/applications/species/arthrospira"", ""https://orrbiologicals.com/applications/species/chlorella"", ""https://orrbiologicals.com/applications/species/dunaliella"", ""https://orrbiologicals.com/applications/species/haematococcus"", ""https://orrbiologicals.com/applications/species/nannochloropsis"", ""https://orrbiologicals.com/applications/species/phaeodactylum""]","[""https://orrbiologicals.com/"", ""https://orrbiologicals.com/#deploy"", ""https://orrbiologicals.com/#inside"", ""https://orrbiologicals.com/#products"", ""https://orrbiologicals.com/algae-biotechnology/"", ""https://orrbiologicals.com/applications/"", ""https://orrbiologicals.com/applications/#species"", ""https://orrbiologicals.com/applications/species/arthrospira"", ""https://orrbiologicals.com/applications/species/chlorella"", ""https://orrbiologicals.com/applications/species/dunaliella"", ""https://orrbiologicals.com/applications/species/haematococcus"", ""https://orrbiologicals.com/applications/species/isochrysis-tisochrysis"", ""https://orrbiologicals.com/applications/species/nannochloropsis"", ""https://orrbiologicals.com/applications/species/pavlova"", ""https://orrbiologicals.com/applications/species/phaeodactylum"", ""https://orrbiologicals.com/blog/"", ""https://orrbiologicals.com/cyanoflow"", ""https://orrbiologicals.com/disclaimer"", ""https://orrbiologicals.com/game/"", ""https://orrbiologicals.com/glossary"", ""https://orrbiologicals.com/microalgae-cultivation/"", ""https://orrbiologicals.com/privacy"", ""https://orrbiologicals.com/research/"", ""https://orrbiologicals.com/terms""]",[],https://orrbiologicals.com/applications/microalgal-biotechnology,"[""Article"", ""BreadcrumbList"", ""FAQPage""]",[],"[{""src"": ""/assets/images/library/biotech-compounds.svg"", ""alt"": ""Illustration of microalgal cells beside the high-value compound classes extracted from them"", ""width"": ""800"", ""height"": ""450""}]",Illustrations vs measurements must be labeled; no pixel review implied,"{""missing"": 0, ""empty"": 0}",indexable,Supporting,KEEP,1,[],"{"""": """", ""viewport"": ""width=device-width, initial-scale=1"", ""referrer"": ""strict-origin-when-cross-origin"", ""description"": ""What industry extracts from microalgae — astaxanthin, beta-carotene, phycocyanin, EPA, DHA, protein — which species produce them, and what is honestly established."", ""og:title"": ""Microalgal Biotechnology: Pigments and Lipids | Orr Biologicals"", ""og:description"": ""What industry extracts from microalgae — astaxanthin, beta-carotene, phycocyanin, EPA, DHA, protein — which species produce them, and what is honestly established."", ""og:type"": ""article"", ""og:url"": ""https://orrbiologicals.com/applications/microalgal-biotechnology"", ""og:image"": ""https://orrbiologicals.com/assets/images/library/biotech-compounds.svg"", ""article:published_time"": ""2026-08-31"", ""twitter:card"": ""summary_large_image"", ""og:site_name"": ""Orr Biologicals"", ""twitter:title"": ""Microalgal Biotechnology: Pigments and Lipids | Orr Biologicals"", ""twitter:description"": ""What industry extracts from microalgae — astaxanthin, beta-carotene, phycocyanin, EPA, DHA, protein — which species produce them, and what is honestly established."", ""twitter:image"": ""https://orrbiologicals.com/assets/images/library/biotech-compounds.svg"", ""article:modified_time"": ""2026-10-04""}"
https://orrbiologicals.com/applications/pavlova-vs-isochrysis,applications/pavlova-vs-isochrysis.html,Pavlova vs Isochrysis for Aquaculture | Orr Biologicals,Pavlova vs Isochrysis for Aquaculture | Orr Biologicals,"Two small haptophyte flagellates that dominate marine hatchery feeds — how their nutrition, culture behaviour and uses differ, and why many systems run both.","Two small haptophyte flagellates that dominate marine hatchery feeds — how their nutrition, culture behaviour and uses differ, and why many systems run both.","[""Pavlova vs Isochrysis for Aquaculture""]","[""Where they are similar"", ""Where they differ"", ""Why systems run both"", ""Connect this guide to the wider research""]",Informational,Pavlova vs Isochrysis for Aquaculture,"[""Where they are similar"", ""Where they differ"", ""Why systems run both"", ""Connect this guide to the wider research""]",Learn / evaluate research concepts,Applications,422,Editorial review required; word count is not a quality score,"[""https://orrbiologicals.com/applications/"", ""https://orrbiologicals.com/applications/algae-rations-for-bivalve-larvae"", ""https://orrbiologicals.com/applications/species/isochrysis-tisochrysis"", ""https://orrbiologicals.com/applications/species/pavlova"", ""https://orrbiologicals.com/applications/why-isochrysis-matters-aquaculture""]","[""https://orrbiologicals.com/"", ""https://orrbiologicals.com/#deploy"", ""https://orrbiologicals.com/#inside"", ""https://orrbiologicals.com/#products"", ""https://orrbiologicals.com/algae-biotechnology/"", ""https://orrbiologicals.com/applications/"", ""https://orrbiologicals.com/applications/#species"", ""https://orrbiologicals.com/applications/algae-rations-for-bivalve-larvae"", ""https://orrbiologicals.com/applications/best-microalgae-for-copepod-culture"", ""https://orrbiologicals.com/applications/species/isochrysis-tisochrysis"", ""https://orrbiologicals.com/applications/species/nannochloropsis"", ""https://orrbiologicals.com/applications/species/pavlova"", ""https://orrbiologicals.com/applications/species/tetraselmis"", ""https://orrbiologicals.com/blog/"", ""https://orrbiologicals.com/cyanoflow"", ""https://orrbiologicals.com/disclaimer"", ""https://orrbiologicals.com/game/"", ""https://orrbiologicals.com/glossary"", ""https://orrbiologicals.com/microalgae-cultivation/"", ""https://orrbiologicals.com/privacy"", ""https://orrbiologicals.com/research/"", ""https://orrbiologicals.com/terms""]",[],https://orrbiologicals.com/applications/pavlova-vs-isochrysis,"[""Article"", ""BreadcrumbList"", ""FAQPage""]",[],"[{""src"": ""/assets/images/library/pavlova-vs-isochrysis.svg"", ""alt"": ""Illustration comparing Pavlova and Isochrysis cells side by side at relative scale"", ""width"": ""800"", ""height"": ""450""}]",Illustrations vs measurements must be labeled; no pixel review implied,"{""missing"": 0, ""empty"": 0}",indexable,Supporting,KEEP,1,[],"{"""": """", ""viewport"": ""width=device-width, initial-scale=1"", ""referrer"": ""strict-origin-when-cross-origin"", ""description"": ""Two small haptophyte flagellates that dominate marine hatchery feeds — how their nutrition, culture behaviour and uses differ, and why many systems run both."", ""og:title"": ""Pavlova vs Isochrysis for Aquaculture | Orr Biologicals"", ""og:description"": ""Two small haptophyte flagellates that dominate marine hatchery feeds — how their nutrition, culture behaviour and uses differ, and why many systems run both."", ""og:type"": ""article"", ""og:url"": ""https://orrbiologicals.com/applications/pavlova-vs-isochrysis"", ""og:image"": ""https://orrbiologicals.com/assets/images/library/pavlova-vs-isochrysis.svg"", ""article:published_time"": ""2026-08-31"", ""twitter:card"": ""summary_large_image"", ""og:site_name"": ""Orr Biologicals"", ""twitter:title"": ""Pavlova vs Isochrysis for Aquaculture | Orr Biologicals"", ""twitter:description"": ""Two small haptophyte flagellates that dominate marine hatchery feeds — how their nutrition, culture behaviour and uses differ, and why many systems run both."", ""twitter:image"": ""https://orrbiologicals.com/assets/images/library/pavlova-vs-isochrysis.svg"", ""article:modified_time"": ""2026-10-04""}"
https://orrbiologicals.com/applications/phytoplankton-aquaculture-food-webs,applications/phytoplankton-aquaculture-food-webs.html,Phytoplankton and Aquaculture Food Webs | Orr Biologicals,Phytoplankton and Aquaculture Food Webs | Orr Biologicals,"From microalgae to copepods, rotifers and Artemia to fish and shellfish larvae: how trophic chains carry nutrition through an aquaculture system.","From microalgae to copepods, rotifers and Artemia to fish and shellfish larvae: how trophic chains carry nutrition through an aquaculture system.","[""How Phytoplankton Supports Aquaculture Food Webs""]","[""The two-step chain, concretely"", ""Why the bottom of the chain decides the top"", ""Two ways to run the same biology"", ""Connect this guide to the wider research""]",Informational,How Phytoplankton Supports Aquaculture Food Webs,"[""The two-step chain, concretely"", ""Why the bottom of the chain decides the top"", ""Two ways to run the same biology"", ""Connect this guide to the wider research""]",Learn / evaluate research concepts,Applications,478,Editorial review required; word count is not a quality score,"[""https://orrbiologicals.com/algae-biotechnology/"", ""https://orrbiologicals.com/applications/"", ""https://orrbiologicals.com/applications/algae-rations-for-bivalve-larvae"", ""https://orrbiologicals.com/applications/how-to-feed-copepods"", ""https://orrbiologicals.com/applications/how-to-scale-a-microalgae-culture"", ""https://orrbiologicals.com/applications/microalgae-for-marine-fish-larvae""]","[""https://orrbiologicals.com/"", ""https://orrbiologicals.com/#deploy"", ""https://orrbiologicals.com/#inside"", ""https://orrbiologicals.com/#products"", ""https://orrbiologicals.com/algae-biotechnology/"", ""https://orrbiologicals.com/applications/"", ""https://orrbiologicals.com/applications/#species"", ""https://orrbiologicals.com/applications/algae-rations-for-bivalve-larvae"", ""https://orrbiologicals.com/applications/how-to-feed-copepods"", ""https://orrbiologicals.com/applications/how-to-grow-a-microalgae-culture"", ""https://orrbiologicals.com/applications/microalgae-for-marine-fish-larvae"", ""https://orrbiologicals.com/applications/species/chaetoceros"", ""https://orrbiologicals.com/applications/species/isochrysis-tisochrysis"", ""https://orrbiologicals.com/applications/species/pavlova"", ""https://orrbiologicals.com/applications/species/tetraselmis"", ""https://orrbiologicals.com/blog/"", ""https://orrbiologicals.com/cyanoflow"", ""https://orrbiologicals.com/disclaimer"", ""https://orrbiologicals.com/game/"", ""https://orrbiologicals.com/glossary"", ""https://orrbiologicals.com/microalgae-cultivation/"", ""https://orrbiologicals.com/privacy"", ""https://orrbiologicals.com/research/"", ""https://orrbiologicals.com/terms""]",[],https://orrbiologicals.com/applications/phytoplankton-aquaculture-food-webs,"[""Article"", ""BreadcrumbList"", ""FAQPage""]",[],"[{""src"": ""/assets/images/library/food-web.svg"", ""alt"": ""Illustration of an aquaculture food web from microalgae to zooplankton to fish larvae"", ""width"": ""800"", ""height"": ""450""}]",Illustrations vs measurements must be labeled; no pixel review implied,"{""missing"": 0, ""empty"": 0}",indexable,Supporting,KEEP,1,[],"{"""": """", ""viewport"": ""width=device-width, initial-scale=1"", ""referrer"": ""strict-origin-when-cross-origin"", ""description"": ""From microalgae to copepods, rotifers and Artemia to fish and shellfish larvae: how trophic chains carry nutrition through an aquaculture system."", ""og:title"": ""Phytoplankton and Aquaculture Food Webs | Orr Biologicals"", ""og:description"": ""From microalgae to copepods, rotifers and Artemia to fish and shellfish larvae: how trophic chains carry nutrition through an aquaculture system."", ""og:type"": ""article"", ""og:url"": ""https://orrbiologicals.com/applications/phytoplankton-aquaculture-food-webs"", ""og:image"": ""https://orrbiologicals.com/assets/images/library/food-web.svg"", ""article:published_time"": ""2026-08-31"", ""twitter:card"": ""summary_large_image"", ""og:site_name"": ""Orr Biologicals"", ""twitter:title"": ""Phytoplankton and Aquaculture Food Webs | Orr Biologicals"", ""twitter:description"": ""From microalgae to copepods, rotifers and Artemia to fish and shellfish larvae: how trophic chains carry nutrition through an aquaculture system."", ""twitter:image"": ""https://orrbiologicals.com/assets/images/library/food-web.svg"", ""article:modified_time"": ""2026-10-04""}"
https://orrbiologicals.com/applications/prevent-contamination-microalgae-cultures,applications/prevent-contamination-microalgae-cultures.html,Contamination Control in Microalgae Cultures | Orr Biologicals,Contamination Control in Microalgae Cultures | Orr Biologicals,"What contaminates algae cultures, how contamination arrives, the habits that prevent it, and when to rescue versus discard a crashed culture.","What contaminates algae cultures, how contamination arrives, the habits that prevent it, and when to rescue versus discard a crashed culture.","[""How to Prevent Contamination in Microalgae Cultures""]","[""Know your invaders"", ""How they arrive"", ""The working hygiene set"", ""Observation beats treatment"", ""Connect this guide to the wider research""]",Informational,How to Prevent Contamination in Microalgae Cultures,"[""Know your invaders"", ""How they arrive"", ""The working hygiene set"", ""Observation beats treatment"", ""Connect this guide to the wider research""]",Learn / evaluate research concepts,Applications,512,Editorial review required; word count is not a quality score,"[""https://orrbiologicals.com/applications/"", ""https://orrbiologicals.com/applications/how-to-grow-a-microalgae-culture"", ""https://orrbiologicals.com/applications/how-to-scale-a-microalgae-culture"", ""https://orrbiologicals.com/applications/how-to-start-a-phytoplankton-culture"", ""https://orrbiologicals.com/applications/species/arthrospira"", ""https://orrbiologicals.com/microalgae-cultivation/""]","[""https://orrbiologicals.com/"", ""https://orrbiologicals.com/#deploy"", ""https://orrbiologicals.com/#inside"", ""https://orrbiologicals.com/#products"", ""https://orrbiologicals.com/algae-biotechnology/"", ""https://orrbiologicals.com/applications/"", ""https://orrbiologicals.com/applications/#species"", ""https://orrbiologicals.com/applications/how-to-grow-a-microalgae-culture"", ""https://orrbiologicals.com/applications/how-to-scale-a-microalgae-culture"", ""https://orrbiologicals.com/applications/species/arthrospira"", ""https://orrbiologicals.com/blog/"", ""https://orrbiologicals.com/cyanoflow"", ""https://orrbiologicals.com/disclaimer"", ""https://orrbiologicals.com/game/"", ""https://orrbiologicals.com/glossary"", ""https://orrbiologicals.com/microalgae-cultivation/"", ""https://orrbiologicals.com/privacy"", ""https://orrbiologicals.com/research/"", ""https://orrbiologicals.com/terms""]",[],https://orrbiologicals.com/applications/prevent-contamination-microalgae-cultures,"[""Article"", ""BreadcrumbList"", ""FAQPage""]",[],"[{""src"": ""/assets/images/library/contamination.svg"", ""alt"": ""Illustration of a culture flask under watch with unwanted ciliates and bacteria among algal cells"", ""width"": ""800"", ""height"": ""450""}]",Illustrations vs measurements must be labeled; no pixel review implied,"{""missing"": 0, ""empty"": 0}",indexable,Supporting,KEEP,1,[],"{"""": """", ""viewport"": ""width=device-width, initial-scale=1"", ""referrer"": ""strict-origin-when-cross-origin"", ""description"": ""What contaminates algae cultures, how contamination arrives, the habits that prevent it, and when to rescue versus discard a crashed culture."", ""og:title"": ""Contamination Control in Microalgae Cultures | Orr Biologicals"", ""og:description"": ""What contaminates algae cultures, how contamination arrives, the habits that prevent it, and when to rescue versus discard a crashed culture."", ""og:type"": ""article"", ""og:url"": ""https://orrbiologicals.com/applications/prevent-contamination-microalgae-cultures"", ""og:image"": ""https://orrbiologicals.com/assets/images/library/contamination.svg"", ""article:published_time"": ""2026-08-31"", ""twitter:card"": ""summary_large_image"", ""og:site_name"": ""Orr Biologicals"", ""twitter:title"": ""Contamination Control in Microalgae Cultures | Orr Biologicals"", ""twitter:description"": ""What contaminates algae cultures, how contamination arrives, the habits that prevent it, and when to rescue versus discard a crashed culture."", ""twitter:image"": ""https://orrbiologicals.com/assets/images/library/contamination.svg"", ""article:modified_time"": ""2026-10-04""}"
https://orrbiologicals.com/applications/species/arthrospira,applications/species/arthrospira.html,Arthrospira (Spirulina): Species Guide | Orr Biologicals,Arthrospira (Spirulina): Species Guide | Orr Biologicals,"Arthrospira platensis — the filamentous cyanobacterium sold as Spirulina: appearance, culture characteristics, nutrition, phycocyanin, and why alkaline medium is its biosecurity.","Arthrospira platensis — the filamentous cyanobacterium sold as Spirulina: appearance, culture characteristics, nutrition, phycocyanin, and why alkaline medium is its biosecurity.","[""Arthrospira (Spirulina)""]","[""Why aquaculture values it"", ""Nutrition and important compounds"", ""A note on culture parameters"", ""Frequently asked questions"", ""Further reading"", ""Connect this guide to the wider research""]",Informational,Arthrospira (Spirulina),"[""Why aquaculture values it"", ""Nutrition and important compounds"", ""A note on culture parameters"", ""Frequently asked questions"", ""Further reading"", ""Connect this guide to the wider research""]",Learn / evaluate research concepts,Species,661,Editorial review required; word count is not a quality score,"[""https://orrbiologicals.com/applications/"", ""https://orrbiologicals.com/applications/microalgal-biotechnology"", ""https://orrbiologicals.com/applications/prevent-contamination-microalgae-cultures"", ""https://orrbiologicals.com/glossary"", ""https://orrbiologicals.com/microalgae-cultivation/""]","[""https://orrbiologicals.com/"", ""https://orrbiologicals.com/#deploy"", ""https://orrbiologicals.com/#inside"", ""https://orrbiologicals.com/#products"", ""https://orrbiologicals.com/algaephyte/"", ""https://orrbiologicals.com/applications/"", ""https://orrbiologicals.com/applications/#species"", ""https://orrbiologicals.com/applications/microalgal-biotechnology"", ""https://orrbiologicals.com/applications/prevent-contamination-microalgae-cultures"", ""https://orrbiologicals.com/blog/"", ""https://orrbiologicals.com/blog/single-cell-microalgae-microfluidics"", ""https://orrbiologicals.com/blog/spirulina-is-a-cyanobacterium"", ""https://orrbiologicals.com/cyanoflow"", ""https://orrbiologicals.com/disclaimer"", ""https://orrbiologicals.com/game/"", ""https://orrbiologicals.com/glossary"", ""https://orrbiologicals.com/microalgae-cultivation/"", ""https://orrbiologicals.com/photobioreactors/"", ""https://orrbiologicals.com/privacy"", ""https://orrbiologicals.com/research/"", ""https://orrbiologicals.com/terms""]","[""https://en.wikipedia.org/wiki/Arthrospira"", ""https://pubmed.ncbi.nlm.nih.gov/?term=arthrospira+platensis+cultivation"", ""https://www.algaebase.org/""]",https://orrbiologicals.com/applications/species/arthrospira,"[""Article"", ""BreadcrumbList"", ""FAQPage""]",[],"[{""src"": ""/assets/images/library/species/arthrospira.svg"", ""alt"": ""Illustration of Arthrospira spiral filaments"", ""width"": ""800"", ""height"": ""450""}]",Illustrations vs measurements must be labeled; no pixel review implied,"{""missing"": 0, ""empty"": 0}",indexable,Supporting,KEEP,1,[],"{"""": """", ""viewport"": ""width=device-width, initial-scale=1"", ""referrer"": ""strict-origin-when-cross-origin"", ""description"": ""Arthrospira platensis — the filamentous cyanobacterium sold as Spirulina: appearance, culture characteristics, nutrition, phycocyanin, and why alkaline medium is its biosecurity."", ""og:title"": ""Arthrospira (Spirulina): Species Guide | Orr Biologicals"", ""og:description"": ""Arthrospira platensis — the filamentous cyanobacterium sold as Spirulina: appearance, culture characteristics, nutrition, phycocyanin, and why alkaline medium is its biosecurity."", ""og:type"": ""article"", ""og:url"": ""https://orrbiologicals.com/applications/species/arthrospira"", ""og:image"": ""https://orrbiologicals.com/assets/images/library/species/arthrospira.svg"", ""article:published_time"": ""2026-08-31"", ""twitter:card"": ""summary_large_image"", ""og:site_name"": ""Orr Biologicals"", ""twitter:title"": ""Arthrospira (Spirulina): Species Guide | Orr Biologicals"", ""twitter:description"": ""Arthrospira platensis — the filamentous cyanobacterium sold as Spirulina: appearance, culture characteristics, nutrition, phycocyanin, and why alkaline medium is its biosecurity."", ""twitter:image"": ""https://orrbiologicals.com/assets/images/library/species/arthrospira.svg"", ""article:modified_time"": ""2026-10-04""}"
https://orrbiologicals.com/applications/species/chaetoceros,applications/species/chaetoceros.html,Chaetoceros: Species Guide | Orr Biologicals,Chaetoceros: Species Guide | Orr Biologicals,"Chaetoceros — the chain-forming diatom of bivalve and shrimp hatcheries: appearance, silicate needs, culture traits, and how it fits stage-specific rations.","Chaetoceros — the chain-forming diatom of bivalve and shrimp hatcheries: appearance, silicate needs, culture traits, and how it fits stage-specific rations.","[""Chaetoceros""]","[""Why aquaculture values it"", ""Nutrition and important compounds"", ""A note on culture parameters"", ""Frequently asked questions"", ""Further reading"", ""Connect this guide to the wider research""]",Informational,Chaetoceros,"[""Why aquaculture values it"", ""Nutrition and important compounds"", ""A note on culture parameters"", ""Frequently asked questions"", ""Further reading"", ""Connect this guide to the wider research""]",Learn / evaluate research concepts,Species,587,Editorial review required; word count is not a quality score,"[""https://orrbiologicals.com/applications/"", ""https://orrbiologicals.com/applications/algae-rations-for-bivalve-larvae"", ""https://orrbiologicals.com/applications/best-microalgae-for-copepod-culture"", ""https://orrbiologicals.com/applications/phytoplankton-aquaculture-food-webs"", ""https://orrbiologicals.com/applications/species/phaeodactylum""]","[""https://orrbiologicals.com/"", ""https://orrbiologicals.com/#deploy"", ""https://orrbiologicals.com/#inside"", ""https://orrbiologicals.com/#products"", ""https://orrbiologicals.com/algaephyte/"", ""https://orrbiologicals.com/applications/"", ""https://orrbiologicals.com/applications/#species"", ""https://orrbiologicals.com/applications/algae-rations-for-bivalve-larvae"", ""https://orrbiologicals.com/applications/best-microalgae-for-copepod-culture"", ""https://orrbiologicals.com/applications/species/phaeodactylum"", ""https://orrbiologicals.com/applications/why-isochrysis-matters-aquaculture"", ""https://orrbiologicals.com/blog/"", ""https://orrbiologicals.com/blog/single-cell-microalgae-microfluidics"", ""https://orrbiologicals.com/cyanoflow"", ""https://orrbiologicals.com/disclaimer"", ""https://orrbiologicals.com/game/"", ""https://orrbiologicals.com/glossary"", ""https://orrbiologicals.com/microalgae-cultivation/"", ""https://orrbiologicals.com/photobioreactors/"", ""https://orrbiologicals.com/privacy"", ""https://orrbiologicals.com/research/"", ""https://orrbiologicals.com/terms""]","[""https://en.wikipedia.org/wiki/Chaetoceros"", ""https://pubmed.ncbi.nlm.nih.gov/?term=chaetoceros+hatchery+feed"", ""https://www.algaebase.org/""]",https://orrbiologicals.com/applications/species/chaetoceros,"[""Article"", ""BreadcrumbList"", ""FAQPage""]",[],"[{""src"": ""/assets/images/library/species/chaetoceros.svg"", ""alt"": ""Illustration of a Chaetoceros chain with long setae"", ""width"": ""800"", ""height"": ""450""}]",Illustrations vs measurements must be labeled; no pixel review implied,"{""missing"": 0, ""empty"": 0}",indexable,Supporting,KEEP,1,[],"{"""": """", ""viewport"": ""width=device-width, initial-scale=1"", ""referrer"": ""strict-origin-when-cross-origin"", ""description"": ""Chaetoceros — the chain-forming diatom of bivalve and shrimp hatcheries: appearance, silicate needs, culture traits, and how it fits stage-specific rations."", ""og:title"": ""Chaetoceros: Species Guide | Orr Biologicals"", ""og:description"": ""Chaetoceros — the chain-forming diatom of bivalve and shrimp hatcheries: appearance, silicate needs, culture traits, and how it fits stage-specific rations."", ""og:type"": ""article"", ""og:url"": ""https://orrbiologicals.com/applications/species/chaetoceros"", ""og:image"": ""https://orrbiologicals.com/assets/images/library/species/chaetoceros.svg"", ""article:published_time"": ""2026-08-31"", ""twitter:card"": ""summary_large_image"", ""og:site_name"": ""Orr Biologicals"", ""twitter:title"": ""Chaetoceros: Species Guide | Orr Biologicals"", ""twitter:description"": ""Chaetoceros — the chain-forming diatom of bivalve and shrimp hatcheries: appearance, silicate needs, culture traits, and how it fits stage-specific rations."", ""twitter:image"": ""https://orrbiologicals.com/assets/images/library/species/chaetoceros.svg"", ""article:modified_time"": ""2026-10-04""}"
https://orrbiologicals.com/applications/species/chlorella,applications/species/chlorella.html,Chlorella: Species Guide | Orr Biologicals,Chlorella: Species Guide | Orr Biologicals,"Chlorella — the spherical freshwater green alga: appearance, culture characteristics, protein content, applications in aquaculture and nutrition, and honest caveats.","Chlorella — the spherical freshwater green alga: appearance, culture characteristics, protein content, applications in aquaculture and nutrition, and honest caveats.","[""Chlorella""]","[""Why aquaculture values it"", ""Nutrition and important compounds"", ""A note on culture parameters"", ""Frequently asked questions"", ""Further reading"", ""Connect this guide to the wider research""]",Informational,Chlorella,"[""Why aquaculture values it"", ""Nutrition and important compounds"", ""A note on culture parameters"", ""Frequently asked questions"", ""Further reading"", ""Connect this guide to the wider research""]",Learn / evaluate research concepts,Species,595,Editorial review required; word count is not a quality score,"[""https://orrbiologicals.com/algae-biotechnology/"", ""https://orrbiologicals.com/applications/"", ""https://orrbiologicals.com/applications/how-to-start-a-phytoplankton-culture"", ""https://orrbiologicals.com/applications/microalgal-biotechnology""]","[""https://orrbiologicals.com/"", ""https://orrbiologicals.com/#deploy"", ""https://orrbiologicals.com/#inside"", ""https://orrbiologicals.com/#products"", ""https://orrbiologicals.com/algaephyte/"", ""https://orrbiologicals.com/applications/"", ""https://orrbiologicals.com/applications/#species"", ""https://orrbiologicals.com/applications/how-to-grow-a-microalgae-culture"", ""https://orrbiologicals.com/applications/microalgae-for-marine-fish-larvae"", ""https://orrbiologicals.com/applications/microalgal-biotechnology"", ""https://orrbiologicals.com/blog/"", ""https://orrbiologicals.com/blog/single-cell-microalgae-microfluidics"", ""https://orrbiologicals.com/cyanoflow"", ""https://orrbiologicals.com/disclaimer"", ""https://orrbiologicals.com/game/"", ""https://orrbiologicals.com/glossary"", ""https://orrbiologicals.com/microalgae-cultivation/"", ""https://orrbiologicals.com/photobioreactors/"", ""https://orrbiologicals.com/privacy"", ""https://orrbiologicals.com/research/"", ""https://orrbiologicals.com/terms""]","[""https://en.wikipedia.org/wiki/Chlorella"", ""https://pubmed.ncbi.nlm.nih.gov/?term=chlorella+cultivation"", ""https://www.algaebase.org/""]",https://orrbiologicals.com/applications/species/chlorella,"[""Article"", ""BreadcrumbList"", ""FAQPage""]",[],"[{""src"": ""/assets/images/library/species/chlorella.svg"", ""alt"": ""Illustration of spherical Chlorella cells in a loose cluster"", ""width"": ""800"", ""height"": ""450""}]",Illustrations vs measurements must be labeled; no pixel review implied,"{""missing"": 0, ""empty"": 0}",indexable,Supporting,KEEP,1,[],"{"""": """", ""viewport"": ""width=device-width, initial-scale=1"", ""referrer"": ""strict-origin-when-cross-origin"", ""description"": ""Chlorella — the spherical freshwater green alga: appearance, culture characteristics, protein content, applications in aquaculture and nutrition, and honest caveats."", ""og:title"": ""Chlorella: Species Guide | Orr Biologicals"", ""og:description"": ""Chlorella — the spherical freshwater green alga: appearance, culture characteristics, protein content, applications in aquaculture and nutrition, and honest caveats."", ""og:type"": ""article"", ""og:url"": ""https://orrbiologicals.com/applications/species/chlorella"", ""og:image"": ""https://orrbiologicals.com/assets/images/library/species/chlorella.svg"", ""article:published_time"": ""2026-08-31"", ""twitter:card"": ""summary_large_image"", ""og:site_name"": ""Orr Biologicals"", ""twitter:title"": ""Chlorella: Species Guide | Orr Biologicals"", ""twitter:description"": ""Chlorella — the spherical freshwater green alga: appearance, culture characteristics, protein content, applications in aquaculture and nutrition, and honest caveats."", ""twitter:image"": ""https://orrbiologicals.com/assets/images/library/species/chlorella.svg"", ""article:modified_time"": ""2026-10-04""}"
https://orrbiologicals.com/applications/species/dunaliella,applications/species/dunaliella.html,Dunaliella: Species Guide | Orr Biologicals,Dunaliella: Species Guide | Orr Biologicals,"Dunaliella salina — the hypersaline green flagellate behind natural beta-carotene: appearance, culture traits, osmotic tricks and commercial uses.","Dunaliella salina — the hypersaline green flagellate behind natural beta-carotene: appearance, culture traits, osmotic tricks and commercial uses.","[""Dunaliella""]","[""Why aquaculture values it"", ""Nutrition and important compounds"", ""A note on culture parameters"", ""Frequently asked questions"", ""Further reading"", ""Connect this guide to the wider research""]",Informational,Dunaliella,"[""Why aquaculture values it"", ""Nutrition and important compounds"", ""A note on culture parameters"", ""Frequently asked questions"", ""Further reading"", ""Connect this guide to the wider research""]",Learn / evaluate research concepts,Species,560,Editorial review required; word count is not a quality score,"[""https://orrbiologicals.com/applications/"", ""https://orrbiologicals.com/applications/microalgal-biotechnology"", ""https://orrbiologicals.com/applications/species/haematococcus""]","[""https://orrbiologicals.com/"", ""https://orrbiologicals.com/#deploy"", ""https://orrbiologicals.com/#inside"", ""https://orrbiologicals.com/#products"", ""https://orrbiologicals.com/algaephyte/"", ""https://orrbiologicals.com/applications/"", ""https://orrbiologicals.com/applications/#species"", ""https://orrbiologicals.com/applications/microalgal-biotechnology"", ""https://orrbiologicals.com/applications/species/haematococcus"", ""https://orrbiologicals.com/blog/"", ""https://orrbiologicals.com/blog/single-cell-microalgae-microfluidics"", ""https://orrbiologicals.com/cyanoflow"", ""https://orrbiologicals.com/disclaimer"", ""https://orrbiologicals.com/game/"", ""https://orrbiologicals.com/glossary"", ""https://orrbiologicals.com/microalgae-cultivation/"", ""https://orrbiologicals.com/photobioreactors/"", ""https://orrbiologicals.com/privacy"", ""https://orrbiologicals.com/research/"", ""https://orrbiologicals.com/terms""]","[""https://en.wikipedia.org/wiki/Dunaliella"", ""https://pubmed.ncbi.nlm.nih.gov/?term=dunaliella+salina+beta-carotene"", ""https://www.algaebase.org/""]",https://orrbiologicals.com/applications/species/dunaliella,"[""Article"", ""BreadcrumbList"", ""FAQPage""]",[],"[{""src"": ""/assets/images/library/species/dunaliella.svg"", ""alt"": ""Illustration of Dunaliella cells with long flagella in salty water"", ""width"": ""800"", ""height"": ""450""}]",Illustrations vs measurements must be labeled; no pixel review implied,"{""missing"": 0, ""empty"": 0}",indexable,Supporting,KEEP,1,[],"{"""": """", ""viewport"": ""width=device-width, initial-scale=1"", ""referrer"": ""strict-origin-when-cross-origin"", ""description"": ""Dunaliella salina — the hypersaline green flagellate behind natural beta-carotene: appearance, culture traits, osmotic tricks and commercial uses."", ""og:title"": ""Dunaliella: Species Guide | Orr Biologicals"", ""og:description"": ""Dunaliella salina — the hypersaline green flagellate behind natural beta-carotene: appearance, culture traits, osmotic tricks and commercial uses."", ""og:type"": ""article"", ""og:url"": ""https://orrbiologicals.com/applications/species/dunaliella"", ""og:image"": ""https://orrbiologicals.com/assets/images/library/species/dunaliella.svg"", ""article:published_time"": ""2026-08-31"", ""twitter:card"": ""summary_large_image"", ""og:site_name"": ""Orr Biologicals"", ""twitter:title"": ""Dunaliella: Species Guide | Orr Biologicals"", ""twitter:description"": ""Dunaliella salina — the hypersaline green flagellate behind natural beta-carotene: appearance, culture traits, osmotic tricks and commercial uses."", ""twitter:image"": ""https://orrbiologicals.com/assets/images/library/species/dunaliella.svg"", ""article:modified_time"": ""2026-10-04""}"
https://orrbiologicals.com/applications/species/haematococcus,applications/species/haematococcus.html,Haematococcus: Species Guide | Orr Biologicals,Haematococcus: Species Guide | Orr Biologicals,"Haematococcus pluvialis — the green alga that turns red: appearance, two-stage culture, astaxanthin accumulation, and its role in aquaculture pigmentation.","Haematococcus pluvialis — the green alga that turns red: appearance, two-stage culture, astaxanthin accumulation, and its role in aquaculture pigmentation.","[""Haematococcus""]","[""Why aquaculture values it"", ""Nutrition and important compounds"", ""A note on culture parameters"", ""Frequently asked questions"", ""Further reading"", ""Connect this guide to the wider research""]",Informational,Haematococcus,"[""Why aquaculture values it"", ""Nutrition and important compounds"", ""A note on culture parameters"", ""Frequently asked questions"", ""Further reading"", ""Connect this guide to the wider research""]",Learn / evaluate research concepts,Species,555,Editorial review required; word count is not a quality score,"[""https://orrbiologicals.com/applications/"", ""https://orrbiologicals.com/applications/microalgal-biotechnology"", ""https://orrbiologicals.com/applications/species/dunaliella""]","[""https://orrbiologicals.com/"", ""https://orrbiologicals.com/#deploy"", ""https://orrbiologicals.com/#inside"", ""https://orrbiologicals.com/#products"", ""https://orrbiologicals.com/algaephyte/"", ""https://orrbiologicals.com/applications/"", ""https://orrbiologicals.com/applications/#species"", ""https://orrbiologicals.com/applications/microalgal-biotechnology"", ""https://orrbiologicals.com/applications/species/dunaliella"", ""https://orrbiologicals.com/blog/"", ""https://orrbiologicals.com/blog/single-cell-microalgae-microfluidics"", ""https://orrbiologicals.com/cyanoflow"", ""https://orrbiologicals.com/disclaimer"", ""https://orrbiologicals.com/game/"", ""https://orrbiologicals.com/glossary"", ""https://orrbiologicals.com/microalgae-cultivation/"", ""https://orrbiologicals.com/photobioreactors/"", ""https://orrbiologicals.com/privacy"", ""https://orrbiologicals.com/research/"", ""https://orrbiologicals.com/terms""]","[""https://en.wikipedia.org/wiki/Haematococcus_pluvialis"", ""https://pubmed.ncbi.nlm.nih.gov/?term=haematococcus+pluvialis+astaxanthin"", ""https://www.algaebase.org/""]",https://orrbiologicals.com/applications/species/haematococcus,"[""Article"", ""BreadcrumbList"", ""FAQPage""]",[],"[{""src"": ""/assets/images/library/species/haematococcus.svg"", ""alt"": ""Illustration of Haematococcus cysts turning red with astaxanthin"", ""width"": ""800"", ""height"": ""450""}]",Illustrations vs measurements must be labeled; no pixel review implied,"{""missing"": 0, ""empty"": 0}",indexable,Supporting,KEEP,1,[],"{"""": """", ""viewport"": ""width=device-width, initial-scale=1"", ""referrer"": ""strict-origin-when-cross-origin"", ""description"": ""Haematococcus pluvialis — the green alga that turns red: appearance, two-stage culture, astaxanthin accumulation, and its role in aquaculture pigmentation."", ""og:title"": ""Haematococcus: Species Guide | Orr Biologicals"", ""og:description"": ""Haematococcus pluvialis — the green alga that turns red: appearance, two-stage culture, astaxanthin accumulation, and its role in aquaculture pigmentation."", ""og:type"": ""article"", ""og:url"": ""https://orrbiologicals.com/applications/species/haematococcus"", ""og:image"": ""https://orrbiologicals.com/assets/images/library/species/haematococcus.svg"", ""article:published_time"": ""2026-08-31"", ""twitter:card"": ""summary_large_image"", ""og:site_name"": ""Orr Biologicals"", ""twitter:title"": ""Haematococcus: Species Guide | Orr Biologicals"", ""twitter:description"": ""Haematococcus pluvialis — the green alga that turns red: appearance, two-stage culture, astaxanthin accumulation, and its role in aquaculture pigmentation."", ""twitter:image"": ""https://orrbiologicals.com/assets/images/library/species/haematococcus.svg"", ""article:modified_time"": ""2026-10-04""}"
https://orrbiologicals.com/applications/species/isochrysis-tisochrysis,applications/species/isochrysis-tisochrysis.html,Isochrysis (T-Iso): Species Guide | Orr Biologicals,Isochrysis (T-Iso): Species Guide | Orr Biologicals,"Isochrysis galbana and its thermotolerant strain Tisochrysis lutea (T-Iso): appearance, culture traits, DHA-rich lipids, and why it is the marine hatchery default.","Isochrysis galbana and its thermotolerant strain Tisochrysis lutea (T-Iso): appearance, culture traits, DHA-rich lipids, and why it is the marine hatchery default.","[""Isochrysis (Tisochrysis)""]","[""Why aquaculture values it"", ""Nutrition and important compounds"", ""A note on culture parameters"", ""Frequently asked questions"", ""Further reading"", ""Connect this guide to the wider research""]",Informational,Isochrysis (Tisochrysis),"[""Why aquaculture values it"", ""Nutrition and important compounds"", ""A note on culture parameters"", ""Frequently asked questions"", ""Further reading"", ""Connect this guide to the wider research""]",Learn / evaluate research concepts,Species,556,Editorial review required; word count is not a quality score,"[""https://orrbiologicals.com/applications/"", ""https://orrbiologicals.com/applications/best-microalgae-for-copepod-culture"", ""https://orrbiologicals.com/applications/how-to-feed-copepods"", ""https://orrbiologicals.com/applications/how-to-start-a-phytoplankton-culture"", ""https://orrbiologicals.com/applications/microalgae-for-marine-fish-larvae"", ""https://orrbiologicals.com/applications/microalgal-biotechnology"", ""https://orrbiologicals.com/applications/pavlova-vs-isochrysis"", ""https://orrbiologicals.com/applications/phytoplankton-aquaculture-food-webs"", ""https://orrbiologicals.com/applications/species/pavlova"", ""https://orrbiologicals.com/applications/why-isochrysis-matters-aquaculture"", ""https://orrbiologicals.com/microalgae-cultivation/""]","[""https://orrbiologicals.com/"", ""https://orrbiologicals.com/#deploy"", ""https://orrbiologicals.com/#inside"", ""https://orrbiologicals.com/#products"", ""https://orrbiologicals.com/algaephyte/"", ""https://orrbiologicals.com/applications/"", ""https://orrbiologicals.com/applications/#species"", ""https://orrbiologicals.com/applications/algae-rations-for-bivalve-larvae"", ""https://orrbiologicals.com/applications/best-microalgae-for-copepod-culture"", ""https://orrbiologicals.com/applications/pavlova-vs-isochrysis"", ""https://orrbiologicals.com/applications/why-isochrysis-matters-aquaculture"", ""https://orrbiologicals.com/blog/"", ""https://orrbiologicals.com/blog/single-cell-microalgae-microfluidics"", ""https://orrbiologicals.com/cyanoflow"", ""https://orrbiologicals.com/disclaimer"", ""https://orrbiologicals.com/game/"", ""https://orrbiologicals.com/glossary"", ""https://orrbiologicals.com/microalgae-cultivation/"", ""https://orrbiologicals.com/photobioreactors/"", ""https://orrbiologicals.com/privacy"", ""https://orrbiologicals.com/research/"", ""https://orrbiologicals.com/terms""]","[""https://en.wikipedia.org/wiki/Isochrysis"", ""https://pubmed.ncbi.nlm.nih.gov/?term=isochrysis+culture"", ""https://www.algaebase.org/""]",https://orrbiologicals.com/applications/species/isochrysis-tisochrysis,"[""Article"", ""BreadcrumbList"", ""FAQPage""]",[],"[{""src"": ""/assets/images/library/species/isochrysis.svg"", ""alt"": ""Illustration of Isochrysis flagellates with paired flagella"", ""width"": ""800"", ""height"": ""450""}]",Illustrations vs measurements must be labeled; no pixel review implied,"{""missing"": 0, ""empty"": 0}",indexable,Supporting,KEEP,1,[],"{"""": """", ""viewport"": ""width=device-width, initial-scale=1"", ""referrer"": ""strict-origin-when-cross-origin"", ""description"": ""Isochrysis galbana and its thermotolerant strain Tisochrysis lutea (T-Iso): appearance, culture traits, DHA-rich lipids, and why it is the marine hatchery default."", ""og:title"": ""Isochrysis (T-Iso): Species Guide | Orr Biologicals"", ""og:description"": ""Isochrysis galbana and its thermotolerant strain Tisochrysis lutea (T-Iso): appearance, culture traits, DHA-rich lipids, and why it is the marine hatchery default."", ""og:type"": ""article"", ""og:url"": ""https://orrbiologicals.com/applications/species/isochrysis-tisochrysis"", ""og:image"": ""https://orrbiologicals.com/assets/images/library/species/isochrysis.svg"", ""article:published_time"": ""2026-08-31"", ""twitter:card"": ""summary_large_image"", ""og:site_name"": ""Orr Biologicals"", ""twitter:title"": ""Isochrysis (T-Iso): Species Guide | Orr Biologicals"", ""twitter:description"": ""Isochrysis galbana and its thermotolerant strain Tisochrysis lutea (T-Iso): appearance, culture traits, DHA-rich lipids, and why it is the marine hatchery default."", ""twitter:image"": ""https://orrbiologicals.com/assets/images/library/species/isochrysis.svg"", ""article:modified_time"": ""2026-10-04""}"
https://orrbiologicals.com/applications/species/nannochloropsis,applications/species/nannochloropsis.html,Nannochloropsis: Species Guide | Orr Biologicals,Nannochloropsis: Species Guide | Orr Biologicals,"Nannochloropsis — the tiny, hardy eustigmatophyte behind marine green water: appearance, culture traits, EPA content, and its role in rotifer and copepod systems.","Nannochloropsis — the tiny, hardy eustigmatophyte behind marine green water: appearance, culture traits, EPA content, and its role in rotifer and copepod systems.","[""Nannochloropsis""]","[""Why aquaculture values it"", ""Nutrition and important compounds"", ""A note on culture parameters"", ""Frequently asked questions"", ""Further reading"", ""Connect this guide to the wider research""]",Informational,Nannochloropsis,"[""Why aquaculture values it"", ""Nutrition and important compounds"", ""A note on culture parameters"", ""Frequently asked questions"", ""Further reading"", ""Connect this guide to the wider research""]",Learn / evaluate research concepts,Species,576,Editorial review required; word count is not a quality score,"[""https://orrbiologicals.com/applications/"", ""https://orrbiologicals.com/applications/best-microalgae-for-copepod-culture"", ""https://orrbiologicals.com/applications/how-to-start-a-phytoplankton-culture"", ""https://orrbiologicals.com/applications/microalgae-for-marine-fish-larvae"", ""https://orrbiologicals.com/applications/microalgal-biotechnology"", ""https://orrbiologicals.com/applications/pavlova-vs-isochrysis"", ""https://orrbiologicals.com/applications/species/tetraselmis"", ""https://orrbiologicals.com/applications/why-isochrysis-matters-aquaculture""]","[""https://orrbiologicals.com/"", ""https://orrbiologicals.com/#deploy"", ""https://orrbiologicals.com/#inside"", ""https://orrbiologicals.com/#products"", ""https://orrbiologicals.com/algaephyte/"", ""https://orrbiologicals.com/applications/"", ""https://orrbiologicals.com/applications/#species"", ""https://orrbiologicals.com/applications/best-microalgae-for-copepod-culture"", ""https://orrbiologicals.com/applications/how-to-grow-a-microalgae-culture"", ""https://orrbiologicals.com/applications/how-to-start-a-phytoplankton-culture"", ""https://orrbiologicals.com/applications/microalgae-for-marine-fish-larvae"", ""https://orrbiologicals.com/applications/microalgal-biotechnology"", ""https://orrbiologicals.com/blog/"", ""https://orrbiologicals.com/blog/single-cell-microalgae-microfluidics"", ""https://orrbiologicals.com/cyanoflow"", ""https://orrbiologicals.com/disclaimer"", ""https://orrbiologicals.com/game/"", ""https://orrbiologicals.com/glossary"", ""https://orrbiologicals.com/microalgae-cultivation/"", ""https://orrbiologicals.com/photobioreactors/"", ""https://orrbiologicals.com/privacy"", ""https://orrbiologicals.com/research/"", ""https://orrbiologicals.com/terms""]","[""https://en.wikipedia.org/wiki/Nannochloropsis"", ""https://pubmed.ncbi.nlm.nih.gov/?term=nannochloropsis+culture"", ""https://www.algaebase.org/""]",https://orrbiologicals.com/applications/species/nannochloropsis,"[""Article"", ""BreadcrumbList"", ""FAQPage""]",[],"[{""src"": ""/assets/images/library/species/nannochloropsis.svg"", ""alt"": ""Illustration of tiny Nannochloropsis cells in a dense cluster"", ""width"": ""800"", ""height"": ""450""}]",Illustrations vs measurements must be labeled; no pixel review implied,"{""missing"": 0, ""empty"": 0}",indexable,Supporting,KEEP,1,[],"{"""": """", ""viewport"": ""width=device-width, initial-scale=1"", ""referrer"": ""strict-origin-when-cross-origin"", ""description"": ""Nannochloropsis — the tiny, hardy eustigmatophyte behind marine green water: appearance, culture traits, EPA content, and its role in rotifer and copepod systems."", ""og:title"": ""Nannochloropsis: Species Guide | Orr Biologicals"", ""og:description"": ""Nannochloropsis — the tiny, hardy eustigmatophyte behind marine green water: appearance, culture traits, EPA content, and its role in rotifer and copepod systems."", ""og:type"": ""article"", ""og:url"": ""https://orrbiologicals.com/applications/species/nannochloropsis"", ""og:image"": ""https://orrbiologicals.com/assets/images/library/species/nannochloropsis.svg"", ""article:published_time"": ""2026-08-31"", ""twitter:card"": ""summary_large_image"", ""og:site_name"": ""Orr Biologicals"", ""twitter:title"": ""Nannochloropsis: Species Guide | Orr Biologicals"", ""twitter:description"": ""Nannochloropsis — the tiny, hardy eustigmatophyte behind marine green water: appearance, culture traits, EPA content, and its role in rotifer and copepod systems."", ""twitter:image"": ""https://orrbiologicals.com/assets/images/library/species/nannochloropsis.svg"", ""article:modified_time"": ""2026-10-04""}"
https://orrbiologicals.com/applications/species/pavlova,applications/species/pavlova.html,Pavlova: Species Guide | Orr Biologicals,Pavlova: Species Guide | Orr Biologicals,"Pavlova lutheri — the small haptophyte flagellate prized in bivalve hatcheries: appearance, culture traits, EPA and DHA profile, and how it compares to Isochrysis.","Pavlova lutheri — the small haptophyte flagellate prized in bivalve hatcheries: appearance, culture traits, EPA and DHA profile, and how it compares to Isochrysis.","[""Pavlova""]","[""Why aquaculture values it"", ""Nutrition and important compounds"", ""A note on culture parameters"", ""Frequently asked questions"", ""Further reading"", ""Connect this guide to the wider research""]",Informational,Pavlova,"[""Why aquaculture values it"", ""Nutrition and important compounds"", ""A note on culture parameters"", ""Frequently asked questions"", ""Further reading"", ""Connect this guide to the wider research""]",Learn / evaluate research concepts,Species,554,Editorial review required; word count is not a quality score,"[""https://orrbiologicals.com/applications/"", ""https://orrbiologicals.com/applications/best-microalgae-for-copepod-culture"", ""https://orrbiologicals.com/applications/how-to-feed-copepods"", ""https://orrbiologicals.com/applications/microalgal-biotechnology"", ""https://orrbiologicals.com/applications/pavlova-vs-isochrysis"", ""https://orrbiologicals.com/applications/phytoplankton-aquaculture-food-webs""]","[""https://orrbiologicals.com/"", ""https://orrbiologicals.com/#deploy"", ""https://orrbiologicals.com/#inside"", ""https://orrbiologicals.com/#products"", ""https://orrbiologicals.com/algaephyte/"", ""https://orrbiologicals.com/applications/"", ""https://orrbiologicals.com/applications/#species"", ""https://orrbiologicals.com/applications/algae-rations-for-bivalve-larvae"", ""https://orrbiologicals.com/applications/how-to-feed-copepods"", ""https://orrbiologicals.com/applications/pavlova-vs-isochrysis"", ""https://orrbiologicals.com/applications/species/isochrysis-tisochrysis"", ""https://orrbiologicals.com/blog/"", ""https://orrbiologicals.com/blog/single-cell-microalgae-microfluidics"", ""https://orrbiologicals.com/cyanoflow"", ""https://orrbiologicals.com/disclaimer"", ""https://orrbiologicals.com/game/"", ""https://orrbiologicals.com/glossary"", ""https://orrbiologicals.com/microalgae-cultivation/"", ""https://orrbiologicals.com/photobioreactors/"", ""https://orrbiologicals.com/privacy"", ""https://orrbiologicals.com/research/"", ""https://orrbiologicals.com/terms""]","[""https://pubmed.ncbi.nlm.nih.gov/?term=pavlova+lutheri+aquaculture"", ""https://www.algaebase.org/""]",https://orrbiologicals.com/applications/species/pavlova,"[""Article"", ""BreadcrumbList"", ""FAQPage""]",[],"[{""src"": ""/assets/images/library/species/pavlova.svg"", ""alt"": ""Illustration of Pavlova cells with flagella and haptonema"", ""width"": ""800"", ""height"": ""450""}]",Illustrations vs measurements must be labeled; no pixel review implied,"{""missing"": 0, ""empty"": 0}",indexable,Supporting,KEEP,1,[],"{"""": """", ""viewport"": ""width=device-width, initial-scale=1"", ""referrer"": ""strict-origin-when-cross-origin"", ""description"": ""Pavlova lutheri — the small haptophyte flagellate prized in bivalve hatcheries: appearance, culture traits, EPA and DHA profile, and how it compares to Isochrysis."", ""og:title"": ""Pavlova: Species Guide | Orr Biologicals"", ""og:description"": ""Pavlova lutheri — the small haptophyte flagellate prized in bivalve hatcheries: appearance, culture traits, EPA and DHA profile, and how it compares to Isochrysis."", ""og:type"": ""article"", ""og:url"": ""https://orrbiologicals.com/applications/species/pavlova"", ""og:image"": ""https://orrbiologicals.com/assets/images/library/species/pavlova.svg"", ""article:published_time"": ""2026-08-31"", ""twitter:card"": ""summary_large_image"", ""og:site_name"": ""Orr Biologicals"", ""twitter:title"": ""Pavlova: Species Guide | Orr Biologicals"", ""twitter:description"": ""Pavlova lutheri — the small haptophyte flagellate prized in bivalve hatcheries: appearance, culture traits, EPA and DHA profile, and how it compares to Isochrysis."", ""twitter:image"": ""https://orrbiologicals.com/assets/images/library/species/pavlova.svg"", ""article:modified_time"": ""2026-10-04""}"
https://orrbiologicals.com/applications/species/phaeodactylum,applications/species/phaeodactylum.html,Phaeodactylum: Species Guide | Orr Biologicals,Phaeodactylum: Species Guide | Orr Biologicals,"Phaeodactylum tricornutum — the model marine diatom: fusiform shapes, EPA-rich lipids, fucoxanthin, and why researchers and feed rooms both keep it.","Phaeodactylum tricornutum — the model marine diatom: fusiform shapes, EPA-rich lipids, fucoxanthin, and why researchers and feed rooms both keep it.","[""Phaeodactylum""]","[""Why aquaculture values it"", ""Nutrition and important compounds"", ""A note on culture parameters"", ""Frequently asked questions"", ""Further reading"", ""Connect this guide to the wider research""]",Informational,Phaeodactylum,"[""Why aquaculture values it"", ""Nutrition and important compounds"", ""A note on culture parameters"", ""Frequently asked questions"", ""Further reading"", ""Connect this guide to the wider research""]",Learn / evaluate research concepts,Species,537,Editorial review required; word count is not a quality score,"[""https://orrbiologicals.com/applications/"", ""https://orrbiologicals.com/applications/microalgal-biotechnology"", ""https://orrbiologicals.com/applications/species/chaetoceros""]","[""https://orrbiologicals.com/"", ""https://orrbiologicals.com/#deploy"", ""https://orrbiologicals.com/#inside"", ""https://orrbiologicals.com/#products"", ""https://orrbiologicals.com/algaephyte/"", ""https://orrbiologicals.com/applications/"", ""https://orrbiologicals.com/applications/#species"", ""https://orrbiologicals.com/applications/best-microalgae-for-copepod-culture"", ""https://orrbiologicals.com/applications/microalgal-biotechnology"", ""https://orrbiologicals.com/applications/species/chaetoceros"", ""https://orrbiologicals.com/blog/"", ""https://orrbiologicals.com/blog/single-cell-microalgae-microfluidics"", ""https://orrbiologicals.com/cyanoflow"", ""https://orrbiologicals.com/disclaimer"", ""https://orrbiologicals.com/game/"", ""https://orrbiologicals.com/glossary"", ""https://orrbiologicals.com/microalgae-cultivation/"", ""https://orrbiologicals.com/photobioreactors/"", ""https://orrbiologicals.com/privacy"", ""https://orrbiologicals.com/research/"", ""https://orrbiologicals.com/terms""]","[""https://en.wikipedia.org/wiki/Phaeodactylum_tricornutum"", ""https://pubmed.ncbi.nlm.nih.gov/?term=phaeodactylum+tricornutum"", ""https://www.algaebase.org/""]",https://orrbiologicals.com/applications/species/phaeodactylum,"[""Article"", ""BreadcrumbList"", ""FAQPage""]",[],"[{""src"": ""/assets/images/library/species/phaeodactylum.svg"", ""alt"": ""Illustration of fusiform Phaeodactylum diatom cells"", ""width"": ""800"", ""height"": ""450""}]",Illustrations vs measurements must be labeled; no pixel review implied,"{""missing"": 0, ""empty"": 0}",indexable,Supporting,KEEP,1,[],"{"""": """", ""viewport"": ""width=device-width, initial-scale=1"", ""referrer"": ""strict-origin-when-cross-origin"", ""description"": ""Phaeodactylum tricornutum — the model marine diatom: fusiform shapes, EPA-rich lipids, fucoxanthin, and why researchers and feed rooms both keep it."", ""og:title"": ""Phaeodactylum: Species Guide | Orr Biologicals"", ""og:description"": ""Phaeodactylum tricornutum — the model marine diatom: fusiform shapes, EPA-rich lipids, fucoxanthin, and why researchers and feed rooms both keep it."", ""og:type"": ""article"", ""og:url"": ""https://orrbiologicals.com/applications/species/phaeodactylum"", ""og:image"": ""https://orrbiologicals.com/assets/images/library/species/phaeodactylum.svg"", ""article:published_time"": ""2026-08-31"", ""twitter:card"": ""summary_large_image"", ""og:site_name"": ""Orr Biologicals"", ""twitter:title"": ""Phaeodactylum: Species Guide | Orr Biologicals"", ""twitter:description"": ""Phaeodactylum tricornutum — the model marine diatom: fusiform shapes, EPA-rich lipids, fucoxanthin, and why researchers and feed rooms both keep it."", ""twitter:image"": ""https://orrbiologicals.com/assets/images/library/species/phaeodactylum.svg"", ""article:modified_time"": ""2026-10-04""}"
https://orrbiologicals.com/applications/species/tetraselmis,applications/species/tetraselmis.html,Tetraselmis: Species Guide | Orr Biologicals,Tetraselmis: Species Guide | Orr Biologicals,"Tetraselmis — the larger motile green flagellate with starch and lipid reserves: appearance, culture traits, aquaculture uses and reported antibacterial activity.","Tetraselmis — the larger motile green flagellate with starch and lipid reserves: appearance, culture traits, aquaculture uses and reported antibacterial activity.","[""Tetraselmis""]","[""Why aquaculture values it"", ""Nutrition and important compounds"", ""A note on culture parameters"", ""Frequently asked questions"", ""Further reading"", ""Connect this guide to the wider research""]",Informational,Tetraselmis,"[""Why aquaculture values it"", ""Nutrition and important compounds"", ""A note on culture parameters"", ""Frequently asked questions"", ""Further reading"", ""Connect this guide to the wider research""]",Learn / evaluate research concepts,Species,545,Editorial review required; word count is not a quality score,"[""https://orrbiologicals.com/applications/"", ""https://orrbiologicals.com/applications/best-microalgae-for-copepod-culture"", ""https://orrbiologicals.com/applications/how-to-start-a-phytoplankton-culture"", ""https://orrbiologicals.com/applications/microalgae-for-marine-fish-larvae"", ""https://orrbiologicals.com/applications/pavlova-vs-isochrysis"", ""https://orrbiologicals.com/applications/phytoplankton-aquaculture-food-webs"", ""https://orrbiologicals.com/applications/why-isochrysis-matters-aquaculture""]","[""https://orrbiologicals.com/"", ""https://orrbiologicals.com/#deploy"", ""https://orrbiologicals.com/#inside"", ""https://orrbiologicals.com/#products"", ""https://orrbiologicals.com/algaephyte/"", ""https://orrbiologicals.com/applications/"", ""https://orrbiologicals.com/applications/#species"", ""https://orrbiologicals.com/applications/algae-rations-for-bivalve-larvae"", ""https://orrbiologicals.com/applications/best-microalgae-for-copepod-culture"", ""https://orrbiologicals.com/applications/how-to-grow-a-microalgae-culture"", ""https://orrbiologicals.com/applications/species/nannochloropsis"", ""https://orrbiologicals.com/blog/"", ""https://orrbiologicals.com/blog/single-cell-microalgae-microfluidics"", ""https://orrbiologicals.com/cyanoflow"", ""https://orrbiologicals.com/disclaimer"", ""https://orrbiologicals.com/game/"", ""https://orrbiologicals.com/glossary"", ""https://orrbiologicals.com/microalgae-cultivation/"", ""https://orrbiologicals.com/photobioreactors/"", ""https://orrbiologicals.com/privacy"", ""https://orrbiologicals.com/research/"", ""https://orrbiologicals.com/terms""]","[""https://en.wikipedia.org/wiki/Tetraselmis"", ""https://pubmed.ncbi.nlm.nih.gov/?term=tetraselmis+aquaculture"", ""https://www.algaebase.org/""]",https://orrbiologicals.com/applications/species/tetraselmis,"[""Article"", ""BreadcrumbList"", ""FAQPage""]",[],"[{""src"": ""/assets/images/library/species/tetraselmis.svg"", ""alt"": ""Illustration of larger Tetraselmis cells with four flagella"", ""width"": ""800"", ""height"": ""450""}]",Illustrations vs measurements must be labeled; no pixel review implied,"{""missing"": 0, ""empty"": 0}",indexable,Supporting,KEEP,1,[],"{"""": """", ""viewport"": ""width=device-width, initial-scale=1"", ""referrer"": ""strict-origin-when-cross-origin"", ""description"": ""Tetraselmis — the larger motile green flagellate with starch and lipid reserves: appearance, culture traits, aquaculture uses and reported antibacterial activity."", ""og:title"": ""Tetraselmis: Species Guide | Orr Biologicals"", ""og:description"": ""Tetraselmis — the larger motile green flagellate with starch and lipid reserves: appearance, culture traits, aquaculture uses and reported antibacterial activity."", ""og:type"": ""article"", ""og:url"": ""https://orrbiologicals.com/applications/species/tetraselmis"", ""og:image"": ""https://orrbiologicals.com/assets/images/library/species/tetraselmis.svg"", ""article:published_time"": ""2026-08-31"", ""twitter:card"": ""summary_large_image"", ""og:site_name"": ""Orr Biologicals"", ""twitter:title"": ""Tetraselmis: Species Guide | Orr Biologicals"", ""twitter:description"": ""Tetraselmis — the larger motile green flagellate with starch and lipid reserves: appearance, culture traits, aquaculture uses and reported antibacterial activity."", ""twitter:image"": ""https://orrbiologicals.com/assets/images/library/species/tetraselmis.svg"", ""article:modified_time"": ""2026-10-04""}"
https://orrbiologicals.com/applications/why-isochrysis-matters-aquaculture,applications/why-isochrysis-matters-aquaculture.html,Why Isochrysis (T-Iso) Matters in Aquaculture | Orr Biologicals,Why Isochrysis (T-Iso) Matters in Aquaculture | Orr Biologicals,"Isochrysis is the marine hatchery's default flagellate: small, wall-free, DHA-rich and easy to culture. What it is, what it feeds, and where it falls short.","Isochrysis is the marine hatchery's default flagellate: small, wall-free, DHA-rich and easy to culture. What it is, what it feeds, and where it falls short.","[""Why Isochrysis Matters in Aquaculture""]","[""Small, digestible, and DHA-rich"", ""Where it is used"", ""The limits, honestly stated"", ""Connect this guide to the wider research""]",Informational,Why Isochrysis Matters in Aquaculture,"[""Small, digestible, and DHA-rich"", ""Where it is used"", ""The limits, honestly stated"", ""Connect this guide to the wider research""]",Learn / evaluate research concepts,Applications,441,Editorial review required; word count is not a quality score,"[""https://orrbiologicals.com/applications/"", ""https://orrbiologicals.com/applications/algae-rations-for-bivalve-larvae"", ""https://orrbiologicals.com/applications/species/chaetoceros"", ""https://orrbiologicals.com/applications/species/isochrysis-tisochrysis""]","[""https://orrbiologicals.com/"", ""https://orrbiologicals.com/#deploy"", ""https://orrbiologicals.com/#inside"", ""https://orrbiologicals.com/#products"", ""https://orrbiologicals.com/algae-biotechnology/"", ""https://orrbiologicals.com/applications/"", ""https://orrbiologicals.com/applications/#species"", ""https://orrbiologicals.com/applications/algae-rations-for-bivalve-larvae"", ""https://orrbiologicals.com/applications/how-to-feed-copepods"", ""https://orrbiologicals.com/applications/pavlova-vs-isochrysis"", ""https://orrbiologicals.com/applications/species/isochrysis-tisochrysis"", ""https://orrbiologicals.com/applications/species/nannochloropsis"", ""https://orrbiologicals.com/applications/species/tetraselmis"", ""https://orrbiologicals.com/blog/"", ""https://orrbiologicals.com/cyanoflow"", ""https://orrbiologicals.com/disclaimer"", ""https://orrbiologicals.com/game/"", ""https://orrbiologicals.com/glossary"", ""https://orrbiologicals.com/microalgae-cultivation/"", ""https://orrbiologicals.com/privacy"", ""https://orrbiologicals.com/research/"", ""https://orrbiologicals.com/terms""]",[],https://orrbiologicals.com/applications/why-isochrysis-matters-aquaculture,"[""Article"", ""BreadcrumbList"", ""FAQPage""]",[],"[{""src"": ""/assets/images/library/isochrysis-cells.svg"", ""alt"": ""Illustration of small golden Isochrysis flagellates with paired flagella"", ""width"": ""800"", ""height"": ""450""}]",Illustrations vs measurements must be labeled; no pixel review implied,"{""missing"": 0, ""empty"": 0}",indexable,Supporting,KEEP,1,[],"{"""": """", ""viewport"": ""width=device-width, initial-scale=1"", ""referrer"": ""strict-origin-when-cross-origin"", ""description"": ""Isochrysis is the marine hatchery's default flagellate: small, wall-free, DHA-rich and easy to culture. What it is, what it feeds, and where it falls short."", ""og:title"": ""Why Isochrysis (T-Iso) Matters in Aquaculture | Orr Biologicals"", ""og:description"": ""Isochrysis is the marine hatchery's default flagellate: small, wall-free, DHA-rich and easy to culture. What it is, what it feeds, and where it falls short."", ""og:type"": ""article"", ""og:url"": ""https://orrbiologicals.com/applications/why-isochrysis-matters-aquaculture"", ""og:image"": ""https://orrbiologicals.com/assets/images/library/isochrysis-cells.svg"", ""article:published_time"": ""2026-08-31"", ""twitter:card"": ""summary_large_image"", ""og:site_name"": ""Orr Biologicals"", ""twitter:title"": ""Why Isochrysis (T-Iso) Matters in Aquaculture | Orr Biologicals"", ""twitter:description"": ""Isochrysis is the marine hatchery's default flagellate: small, wall-free, DHA-rich and easy to culture. What it is, what it feeds, and where it falls short."", ""twitter:image"": ""https://orrbiologicals.com/assets/images/library/isochrysis-cells.svg"", ""article:modified_time"": ""2026-10-04""}"
https://orrbiologicals.com/blog/alkalinity-as-a-control-variable,blog/alkalinity-as-a-control-variable.html,Alkalinity as a Control Variable | Orr Biologicals,Alkalinity as a Control Variable | Orr Biologicals,"In Spirulina culture, pH is not a knob — it is the readout of the carbon budget. Why alkalinity is the real control variable, and what that means for automation.","In Spirulina culture, pH is not a knob — it is the readout of the carbon budget. Why alkalinity is the real control variable, and what that means for automation.","[""Alkalinity as a Control Variable""]","[""Research context and limitations"", ""Source-linked reading"", ""Continue the topic"", ""Connect this guide to the wider research""]",Informational,Alkalinity as a Control Variable,"[""Research context and limitations"", ""Source-linked reading"", ""Continue the topic"", ""Connect this guide to the wider research""]",Learn / evaluate research concepts,Algaephyte,563,Editorial review required; word count is not a quality score,"[""https://orrbiologicals.com/algaephyte/"", ""https://orrbiologicals.com/blog/"", ""https://orrbiologicals.com/blog/dissolved-oxygen-stress-signal"", ""https://orrbiologicals.com/blog/reading-your-culture"", ""https://orrbiologicals.com/blog/six-culture-signals-main-senses"", ""https://orrbiologicals.com/blog/winter-home-growing-warmth"", ""https://orrbiologicals.com/microalgae-cultivation/"", ""https://orrbiologicals.com/photobioreactors/"", ""https://orrbiologicals.com/research/""]","[""https://orrbiologicals.com/"", ""https://orrbiologicals.com/#deploy"", ""https://orrbiologicals.com/#inside"", ""https://orrbiologicals.com/#products"", ""https://orrbiologicals.com/#system"", ""https://orrbiologicals.com/algaephyte/"", ""https://orrbiologicals.com/applications/"", ""https://orrbiologicals.com/blog/"", ""https://orrbiologicals.com/blog/#kb"", ""https://orrbiologicals.com/blog/dissolved-oxygen-stress-signal"", ""https://orrbiologicals.com/blog/reading-your-culture"", ""https://orrbiologicals.com/blog/six-culture-signals-main-senses"", ""https://orrbiologicals.com/cyanoflow"", ""https://orrbiologicals.com/disclaimer"", ""https://orrbiologicals.com/game/"", ""https://orrbiologicals.com/glossary"", ""https://orrbiologicals.com/microalgae-cultivation/"", ""https://orrbiologicals.com/photobioreactors/"", ""https://orrbiologicals.com/privacy"", ""https://orrbiologicals.com/research/"", ""https://orrbiologicals.com/terms""]","[""https://pmc.ncbi.nlm.nih.gov/articles/PMC9368473/""]",https://orrbiologicals.com/blog/alkalinity-as-a-control-variable,"[""Article"", ""BreadcrumbList""]",[],[],Illustrations vs measurements must be labeled; no pixel review implied,"{""missing"": 0, ""empty"": 0}",indexable,Supporting,IMPROVE,1,[],"{"""": """", ""viewport"": ""width=device-width, initial-scale=1"", ""referrer"": ""strict-origin-when-cross-origin"", ""description"": ""In Spirulina culture, pH is not a knob — it is the readout of the carbon budget. Why alkalinity is the real control variable, and what that means for automation."", ""og:title"": ""Alkalinity as a Control Variable | Orr Biologicals"", ""og:description"": ""In Spirulina culture, pH is not a knob — it is the readout of the carbon budget. Why alkalinity is the real control variable, and what that means for automation."", ""og:type"": ""article"", ""og:url"": ""https://orrbiologicals.com/blog/alkalinity-as-a-control-variable"", ""og:image"": ""https://orrbiologicals.com/assets/og.png"", ""article:published_time"": ""2026-06-18"", ""twitter:card"": ""summary_large_image"", ""article:modified_time"": ""2026-10-04"", ""og:site_name"": ""Orr Biologicals"", ""twitter:title"": ""Alkalinity as a Control Variable | Orr Biologicals"", ""twitter:description"": ""In Spirulina culture, pH is not a knob — it is the readout of the carbon budget. Why alkalinity is the real control variable, and what that means for automation."", ""twitter:image"": ""https://orrbiologicals.com/assets/og.png""}"
https://orrbiologicals.com/blog/bounded-autonomy-safe-ai-proposals,blog/bounded-autonomy-safe-ai-proposals.html,Bounded Autonomy: Keeping AI Proposals Safe | Orr Biologicals,Bounded Autonomy: Keeping AI Proposals Safe | Orr Biologicals,"Hard-limit validators, counterfactual simulation and firmware clamps: three independent layers that let an AI propose while never risking the culture.","Hard-limit validators, counterfactual simulation and firmware clamps: three independent layers that let an AI propose while never risking the culture.","[""Bounded Autonomy: Keeping AI Proposals Safe""]","[""Research context and limitations"", ""Source-linked reading"", ""Continue the topic"", ""Connect this guide to the wider research""]",Informational,Bounded Autonomy: Keeping AI Proposals Safe,"[""Research context and limitations"", ""Source-linked reading"", ""Continue the topic"", ""Connect this guide to the wider research""]",Learn / evaluate research concepts,Algaephyte,561,Editorial review required; word count is not a quality score,"[""https://orrbiologicals.com/algaephyte/"", ""https://orrbiologicals.com/blog/"", ""https://orrbiologicals.com/blog/control-loop-architecture"", ""https://orrbiologicals.com/blog/digital-twin-droop-steele-model"", ""https://orrbiologicals.com/blog/edge-ai-biological-systems"", ""https://orrbiologicals.com/blog/federated-learning-network"", ""https://orrbiologicals.com/blog/how-main-keeps-culture-safe"", ""https://orrbiologicals.com/blog/vision-contamination-detection"", ""https://orrbiologicals.com/blog/what-is-main-plain-language"", ""https://orrbiologicals.com/photobioreactors/"", ""https://orrbiologicals.com/research/""]","[""https://orrbiologicals.com/"", ""https://orrbiologicals.com/#deploy"", ""https://orrbiologicals.com/#inside"", ""https://orrbiologicals.com/#products"", ""https://orrbiologicals.com/#system"", ""https://orrbiologicals.com/algaephyte/"", ""https://orrbiologicals.com/applications/"", ""https://orrbiologicals.com/blog/"", ""https://orrbiologicals.com/blog/#kb"", ""https://orrbiologicals.com/blog/control-loop-architecture"", ""https://orrbiologicals.com/blog/digital-twin-droop-steele-model"", ""https://orrbiologicals.com/blog/how-main-keeps-culture-safe"", ""https://orrbiologicals.com/cyanoflow"", ""https://orrbiologicals.com/disclaimer"", ""https://orrbiologicals.com/game/"", ""https://orrbiologicals.com/glossary"", ""https://orrbiologicals.com/microalgae-cultivation/"", ""https://orrbiologicals.com/photobioreactors/"", ""https://orrbiologicals.com/privacy"", ""https://orrbiologicals.com/research/"", ""https://orrbiologicals.com/terms""]","[""https://pmc.ncbi.nlm.nih.gov/articles/PMC9368473/""]",https://orrbiologicals.com/blog/bounded-autonomy-safe-ai-proposals,"[""Article"", ""BreadcrumbList""]",[],[],Illustrations vs measurements must be labeled; no pixel review implied,"{""missing"": 0, ""empty"": 0}",indexable,Supporting,IMPROVE,1,[],"{"""": """", ""viewport"": ""width=device-width, initial-scale=1"", ""referrer"": ""strict-origin-when-cross-origin"", ""description"": ""Hard-limit validators, counterfactual simulation and firmware clamps: three independent layers that let an AI propose while never risking the culture."", ""og:title"": ""Bounded Autonomy: Keeping AI Proposals Safe | Orr Biologicals"", ""og:description"": ""Hard-limit validators, counterfactual simulation and firmware clamps: three independent layers that let an AI propose while never risking the culture."", ""og:type"": ""article"", ""og:url"": ""https://orrbiologicals.com/blog/bounded-autonomy-safe-ai-proposals"", ""og:image"": ""https://orrbiologicals.com/assets/og.png"", ""article:published_time"": ""2026-07-29"", ""twitter:card"": ""summary_large_image"", ""article:modified_time"": ""2026-10-04"", ""og:site_name"": ""Orr Biologicals"", ""twitter:title"": ""Bounded Autonomy: Keeping AI Proposals Safe | Orr Biologicals"", ""twitter:description"": ""Hard-limit validators, counterfactual simulation and firmware clamps: three independent layers that let an AI propose while never risking the culture."", ""twitter:image"": ""https://orrbiologicals.com/assets/og.png""}"
https://orrbiologicals.com/blog/control-loop-architecture,blog/control-loop-architecture.html,Control Loop Architecture for Living Systems | Orr Biologicals,Control Loop Architecture for Living Systems | Orr Biologicals,Sense → twin → propose → verify → act. The layered loop architecture that lets software participate in biology without ever owning the pumps.,Sense → twin → propose → verify → act. The layered loop architecture that lets software participate in biology without ever owning the pumps.,"[""Control Loop Architecture for Living Systems""]","[""Research context and limitations"", ""Source-linked reading"", ""Continue the topic"", ""Connect this guide to the wider research""]",Informational,Control Loop Architecture for Living Systems,"[""Research context and limitations"", ""Source-linked reading"", ""Continue the topic"", ""Connect this guide to the wider research""]",Learn / evaluate research concepts,Algaephyte,1195,Editorial review required; word count is not a quality score,"[""https://orrbiologicals.com/algaephyte/"", ""https://orrbiologicals.com/blog/"", ""https://orrbiologicals.com/blog/bounded-autonomy-safe-ai-proposals"", ""https://orrbiologicals.com/blog/digital-twin-droop-steele-model"", ""https://orrbiologicals.com/blog/edge-ai-biological-systems"", ""https://orrbiologicals.com/blog/federated-learning-network"", ""https://orrbiologicals.com/blog/how-main-keeps-culture-safe"", ""https://orrbiologicals.com/blog/vision-contamination-detection"", ""https://orrbiologicals.com/blog/what-is-main-plain-language"", ""https://orrbiologicals.com/research/""]","[""https://orrbiologicals.com/"", ""https://orrbiologicals.com/#deploy"", ""https://orrbiologicals.com/#inside"", ""https://orrbiologicals.com/#products"", ""https://orrbiologicals.com/#system"", ""https://orrbiologicals.com/algaephyte/"", ""https://orrbiologicals.com/applications/"", ""https://orrbiologicals.com/blog/"", ""https://orrbiologicals.com/blog/#kb"", ""https://orrbiologicals.com/blog/bounded-autonomy-safe-ai-proposals"", ""https://orrbiologicals.com/blog/digital-twin-droop-steele-model"", ""https://orrbiologicals.com/blog/how-main-keeps-culture-safe"", ""https://orrbiologicals.com/cyanoflow"", ""https://orrbiologicals.com/disclaimer"", ""https://orrbiologicals.com/game/"", ""https://orrbiologicals.com/glossary"", ""https://orrbiologicals.com/microalgae-cultivation/"", ""https://orrbiologicals.com/photobioreactors/"", ""https://orrbiologicals.com/privacy"", ""https://orrbiologicals.com/research/"", ""https://orrbiologicals.com/terms""]","[""https://pmc.ncbi.nlm.nih.gov/articles/PMC9368473/""]",https://orrbiologicals.com/blog/control-loop-architecture,"[""Article"", ""BreadcrumbList""]",[],[],Illustrations vs measurements must be labeled; no pixel review implied,"{""missing"": 0, ""empty"": 0}",indexable,Supporting,IMPROVE,1,[],"{"""": """", ""viewport"": ""width=device-width, initial-scale=1"", ""referrer"": ""strict-origin-when-cross-origin"", ""description"": ""Sense → twin → propose → verify → act. The layered loop architecture that lets software participate in biology without ever owning the pumps."", ""og:title"": ""Control Loop Architecture for Living Systems | Orr Biologicals"", ""og:description"": ""Sense → twin → propose → verify → act. The layered loop architecture that lets software participate in biology without ever owning the pumps."", ""og:type"": ""article"", ""og:url"": ""https://orrbiologicals.com/blog/control-loop-architecture"", ""og:image"": ""https://orrbiologicals.com/assets/og.png"", ""article:published_time"": ""2026-07-26"", ""twitter:card"": ""summary_large_image"", ""article:modified_time"": ""2026-10-04"", ""og:site_name"": ""Orr Biologicals"", ""twitter:title"": ""Control Loop Architecture for Living Systems | Orr Biologicals"", ""twitter:description"": ""Sense → twin → propose → verify → act. The layered loop architecture that lets software participate in biology without ever owning the pumps."", ""twitter:image"": ""https://orrbiologicals.com/assets/og.png""}"
https://orrbiologicals.com/blog/digital-twin-droop-steele-model,blog/digital-twin-droop-steele-model.html,A Digital Twin Built on Droop and Steele | Orr Biologicals,A Digital Twin Built on Droop and Steele | Orr Biologicals,"The physics inside an algae digital twin: Droop quota kinetics, Steele's photoinhibition limb, Beer–Lambert self-shading and oxygen inhibition as state variables.","The physics inside an algae digital twin: Droop quota kinetics, Steele's photoinhibition limb, Beer–Lambert self-shading and oxygen inhibition as state variables.","[""A Digital Twin Built on Droop and Steele""]","[""Research context and limitations"", ""Source-linked reading"", ""Continue the topic"", ""Connect this guide to the wider research""]",Informational,A Digital Twin Built on Droop and Steele,"[""Research context and limitations"", ""Source-linked reading"", ""Continue the topic"", ""Connect this guide to the wider research""]",Learn / evaluate research concepts,Algaephyte,571,Editorial review required; word count is not a quality score,"[""https://orrbiologicals.com/algaephyte/"", ""https://orrbiologicals.com/blog/"", ""https://orrbiologicals.com/blog/bounded-autonomy-safe-ai-proposals"", ""https://orrbiologicals.com/blog/control-loop-architecture"", ""https://orrbiologicals.com/blog/edge-ai-biological-systems"", ""https://orrbiologicals.com/blog/federated-learning-network"", ""https://orrbiologicals.com/blog/how-main-keeps-culture-safe"", ""https://orrbiologicals.com/blog/reading-your-culture"", ""https://orrbiologicals.com/blog/vision-contamination-detection"", ""https://orrbiologicals.com/blog/what-is-main-plain-language"", ""https://orrbiologicals.com/blog/winter-home-growing-warmth"", ""https://orrbiologicals.com/glossary"", ""https://orrbiologicals.com/photobioreactors/"", ""https://orrbiologicals.com/research/""]","[""https://orrbiologicals.com/"", ""https://orrbiologicals.com/#deploy"", ""https://orrbiologicals.com/#inside"", ""https://orrbiologicals.com/#products"", ""https://orrbiologicals.com/#system"", ""https://orrbiologicals.com/algaephyte/"", ""https://orrbiologicals.com/applications/"", ""https://orrbiologicals.com/blog/"", ""https://orrbiologicals.com/blog/#kb"", ""https://orrbiologicals.com/blog/bounded-autonomy-safe-ai-proposals"", ""https://orrbiologicals.com/blog/control-loop-architecture"", ""https://orrbiologicals.com/blog/how-main-keeps-culture-safe"", ""https://orrbiologicals.com/cyanoflow"", ""https://orrbiologicals.com/disclaimer"", ""https://orrbiologicals.com/game/"", ""https://orrbiologicals.com/glossary"", ""https://orrbiologicals.com/microalgae-cultivation/"", ""https://orrbiologicals.com/photobioreactors/"", ""https://orrbiologicals.com/privacy"", ""https://orrbiologicals.com/research/"", ""https://orrbiologicals.com/terms""]","[""https://pmc.ncbi.nlm.nih.gov/articles/PMC9368473/""]",https://orrbiologicals.com/blog/digital-twin-droop-steele-model,"[""Article"", ""BreadcrumbList""]",[],[],Illustrations vs measurements must be labeled; no pixel review implied,"{""missing"": 0, ""empty"": 0}",indexable,Supporting,IMPROVE,1,[],"{"""": """", ""viewport"": ""width=device-width, initial-scale=1"", ""referrer"": ""strict-origin-when-cross-origin"", ""description"": ""The physics inside an algae digital twin: Droop quota kinetics, Steele's photoinhibition limb, Beer–Lambert self-shading and oxygen inhibition as state variables."", ""og:title"": ""A Digital Twin Built on Droop and Steele | Orr Biologicals"", ""og:description"": ""The physics inside an algae digital twin: Droop quota kinetics, Steele's photoinhibition limb, Beer–Lambert self-shading and oxygen inhibition as state variables."", ""og:type"": ""article"", ""og:url"": ""https://orrbiologicals.com/blog/digital-twin-droop-steele-model"", ""og:image"": ""https://orrbiologicals.com/assets/og.png"", ""article:published_time"": ""2026-07-12"", ""twitter:card"": ""summary_large_image"", ""article:modified_time"": ""2026-10-04"", ""og:site_name"": ""Orr Biologicals"", ""twitter:title"": ""A Digital Twin Built on Droop and Steele | Orr Biologicals"", ""twitter:description"": ""The physics inside an algae digital twin: Droop quota kinetics, Steele's photoinhibition limb, Beer–Lambert self-shading and oxygen inhibition as state variables."", ""twitter:image"": ""https://orrbiologicals.com/assets/og.png""}"
https://orrbiologicals.com/blog/digital-twins-biological-cultivation,blog/digital-twins-biological-cultivation.html,Digital Twins for Biological Cultivation | Orr Biologicals,Digital Twins for Biological Cultivation | Orr Biologicals,"What a digital twin of a living culture actually is: state variables, counterfactual testing of actions, and why simulation-first beats actuate-first.","What a digital twin of a living culture actually is: state variables, counterfactual testing of actions, and why simulation-first beats actuate-first.","[""Digital Twins for Biological Cultivation""]","[""Research context and limitations"", ""Source-linked reading"", ""Continue the topic"", ""Connect this guide to the wider research""]",Informational,Digital Twins for Biological Cultivation,"[""Research context and limitations"", ""Source-linked reading"", ""Continue the topic"", ""Connect this guide to the wider research""]",Learn / evaluate research concepts,Algaephyte,864,Editorial review required; word count is not a quality score,"[""https://orrbiologicals.com/"", ""https://orrbiologicals.com/algaephyte/"", ""https://orrbiologicals.com/blog/"", ""https://orrbiologicals.com/blog/photobioreactor-ai-optimization"", ""https://orrbiologicals.com/glossary"", ""https://orrbiologicals.com/research/""]","[""https://orrbiologicals.com/"", ""https://orrbiologicals.com/#deploy"", ""https://orrbiologicals.com/#inside"", ""https://orrbiologicals.com/#products"", ""https://orrbiologicals.com/#system"", ""https://orrbiologicals.com/algaephyte/"", ""https://orrbiologicals.com/applications/"", ""https://orrbiologicals.com/blog/"", ""https://orrbiologicals.com/blog/#kb"", ""https://orrbiologicals.com/blog/harvesting-and-using-fresh-spirulina"", ""https://orrbiologicals.com/blog/how-to-start-home-spirulina-culture"", ""https://orrbiologicals.com/blog/photobioreactor-ai-optimization"", ""https://orrbiologicals.com/cyanoflow"", ""https://orrbiologicals.com/disclaimer"", ""https://orrbiologicals.com/game/"", ""https://orrbiologicals.com/glossary"", ""https://orrbiologicals.com/microalgae-cultivation/"", ""https://orrbiologicals.com/photobioreactors/"", ""https://orrbiologicals.com/privacy"", ""https://orrbiologicals.com/research/"", ""https://orrbiologicals.com/terms""]","[""https://pmc.ncbi.nlm.nih.gov/articles/PMC9368473/""]",https://orrbiologicals.com/blog/digital-twins-biological-cultivation,"[""Article"", ""BreadcrumbList""]",[],[],Illustrations vs measurements must be labeled; no pixel review implied,"{""missing"": 0, ""empty"": 0}",indexable,Supporting,IMPROVE,1,[],"{"""": """", ""viewport"": ""width=device-width, initial-scale=1"", ""referrer"": ""strict-origin-when-cross-origin"", ""description"": ""What a digital twin of a living culture actually is: state variables, counterfactual testing of actions, and why simulation-first beats actuate-first."", ""og:title"": ""Digital Twins for Biological Cultivation | Orr Biologicals"", ""og:description"": ""What a digital twin of a living culture actually is: state variables, counterfactual testing of actions, and why simulation-first beats actuate-first."", ""og:type"": ""article"", ""og:url"": ""https://orrbiologicals.com/blog/digital-twins-biological-cultivation"", ""og:image"": ""https://orrbiologicals.com/assets/og.png"", ""article:published_time"": ""2026-08-10"", ""twitter:card"": ""summary_large_image"", ""article:modified_time"": ""2026-10-04"", ""og:site_name"": ""Orr Biologicals"", ""twitter:title"": ""Digital Twins for Biological Cultivation | Orr Biologicals"", ""twitter:description"": ""What a digital twin of a living culture actually is: state variables, counterfactual testing of actions, and why simulation-first beats actuate-first."", ""twitter:image"": ""https://orrbiologicals.com/assets/og.png""}"
https://orrbiologicals.com/blog/dissolved-oxygen-stress-signal,blog/dissolved-oxygen-stress-signal.html,Dissolved Oxygen as a Stress Signal | Orr Biologicals,Dissolved Oxygen as a Stress Signal | Orr Biologicals,"Afternoon oxygen plateaus explained: supersaturation, self-poisoning of photosynthesis, and how a twin treats DO as a state variable rather than a footnote.","Afternoon oxygen plateaus explained: supersaturation, self-poisoning of photosynthesis, and how a twin treats DO as a state variable rather than a footnote.","[""Dissolved Oxygen as a Stress Signal""]","[""Research context and limitations"", ""Source-linked reading"", ""Continue the topic"", ""Connect this guide to the wider research""]",Informational,Dissolved Oxygen as a Stress Signal,"[""Research context and limitations"", ""Source-linked reading"", ""Continue the topic"", ""Connect this guide to the wider research""]",Learn / evaluate research concepts,Algaephyte,524,Editorial review required; word count is not a quality score,"[""https://orrbiologicals.com/algaephyte/"", ""https://orrbiologicals.com/blog/"", ""https://orrbiologicals.com/blog/alkalinity-as-a-control-variable"", ""https://orrbiologicals.com/blog/six-culture-signals-main-senses"", ""https://orrbiologicals.com/glossary"", ""https://orrbiologicals.com/microalgae-cultivation/"", ""https://orrbiologicals.com/photobioreactors/"", ""https://orrbiologicals.com/research/""]","[""https://orrbiologicals.com/"", ""https://orrbiologicals.com/#deploy"", ""https://orrbiologicals.com/#inside"", ""https://orrbiologicals.com/#products"", ""https://orrbiologicals.com/#system"", ""https://orrbiologicals.com/algaephyte/"", ""https://orrbiologicals.com/applications/"", ""https://orrbiologicals.com/blog/"", ""https://orrbiologicals.com/blog/#kb"", ""https://orrbiologicals.com/blog/alkalinity-as-a-control-variable"", ""https://orrbiologicals.com/blog/reading-your-culture"", ""https://orrbiologicals.com/blog/six-culture-signals-main-senses"", ""https://orrbiologicals.com/cyanoflow"", ""https://orrbiologicals.com/disclaimer"", ""https://orrbiologicals.com/game/"", ""https://orrbiologicals.com/glossary"", ""https://orrbiologicals.com/microalgae-cultivation/"", ""https://orrbiologicals.com/photobioreactors/"", ""https://orrbiologicals.com/privacy"", ""https://orrbiologicals.com/research/"", ""https://orrbiologicals.com/terms""]","[""https://pmc.ncbi.nlm.nih.gov/articles/PMC9368473/""]",https://orrbiologicals.com/blog/dissolved-oxygen-stress-signal,"[""Article"", ""BreadcrumbList""]",[],[],Illustrations vs measurements must be labeled; no pixel review implied,"{""missing"": 0, ""empty"": 0}",indexable,Supporting,IMPROVE,1,[],"{"""": """", ""viewport"": ""width=device-width, initial-scale=1"", ""referrer"": ""strict-origin-when-cross-origin"", ""description"": ""Afternoon oxygen plateaus explained: supersaturation, self-poisoning of photosynthesis, and how a twin treats DO as a state variable rather than a footnote."", ""og:title"": ""Dissolved Oxygen as a Stress Signal | Orr Biologicals"", ""og:description"": ""Afternoon oxygen plateaus explained: supersaturation, self-poisoning of photosynthesis, and how a twin treats DO as a state variable rather than a footnote."", ""og:type"": ""article"", ""og:url"": ""https://orrbiologicals.com/blog/dissolved-oxygen-stress-signal"", ""og:image"": ""https://orrbiologicals.com/assets/og.png"", ""article:published_time"": ""2026-07-19"", ""twitter:card"": ""summary_large_image"", ""article:modified_time"": ""2026-10-04"", ""og:site_name"": ""Orr Biologicals"", ""twitter:title"": ""Dissolved Oxygen as a Stress Signal | Orr Biologicals"", ""twitter:description"": ""Afternoon oxygen plateaus explained: supersaturation, self-poisoning of photosynthesis, and how a twin treats DO as a state variable rather than a footnote."", ""twitter:image"": ""https://orrbiologicals.com/assets/og.png""}"
https://orrbiologicals.com/blog/edge-ai-biological-systems,blog/edge-ai-biological-systems.html,Edge AI for Biological Systems | Orr Biologicals,Edge AI for Biological Systems | Orr Biologicals,"Why vision inference belongs on-device at ~2 W: latency, privacy of your lab bench, and the reliability story cloud loops cannot tell.","Why vision inference belongs on-device at ~2 W: latency, privacy of your lab bench, and the reliability story cloud loops cannot tell.","[""Edge AI for Biological Systems""]","[""Research context and limitations"", ""Source-linked reading"", ""Continue the topic"", ""Connect this guide to the wider research""]",Informational,Edge AI for Biological Systems,"[""Research context and limitations"", ""Source-linked reading"", ""Continue the topic"", ""Connect this guide to the wider research""]",Learn / evaluate research concepts,Algaephyte,806,Editorial review required; word count is not a quality score,"[""https://orrbiologicals.com/algaephyte/"", ""https://orrbiologicals.com/blog/"", ""https://orrbiologicals.com/cyanoflow"", ""https://orrbiologicals.com/research/""]","[""https://orrbiologicals.com/"", ""https://orrbiologicals.com/#deploy"", ""https://orrbiologicals.com/#inside"", ""https://orrbiologicals.com/#journal"", ""https://orrbiologicals.com/#products"", ""https://orrbiologicals.com/#system"", ""https://orrbiologicals.com/algaephyte/"", ""https://orrbiologicals.com/applications/"", ""https://orrbiologicals.com/blog/"", ""https://orrbiologicals.com/blog/bounded-autonomy-safe-ai-proposals"", ""https://orrbiologicals.com/blog/control-loop-architecture"", ""https://orrbiologicals.com/blog/digital-twin-droop-steele-model"", ""https://orrbiologicals.com/blog/federated-learning-network"", ""https://orrbiologicals.com/blog/single-cell-microalgae-microfluidics"", ""https://orrbiologicals.com/cyanoflow"", ""https://orrbiologicals.com/disclaimer"", ""https://orrbiologicals.com/game/"", ""https://orrbiologicals.com/glossary"", ""https://orrbiologicals.com/privacy"", ""https://orrbiologicals.com/research/"", ""https://orrbiologicals.com/terms""]","[""https://pmc.ncbi.nlm.nih.gov/articles/PMC7467707/"", ""https://pmc.ncbi.nlm.nih.gov/articles/PMC9368473/""]",https://orrbiologicals.com/blog/edge-ai-biological-systems,"[""Article"", ""BreadcrumbList""]",[],[],Illustrations vs measurements must be labeled; no pixel review implied,"{""missing"": 0, ""empty"": 0}",indexable,Supporting,IMPROVE,1,[],"{"""": """", ""viewport"": ""width=device-width, initial-scale=1"", ""referrer"": ""strict-origin-when-cross-origin"", ""description"": ""Why vision inference belongs on-device at ~2 W: latency, privacy of your lab bench, and the reliability story cloud loops cannot tell."", ""og:title"": ""Edge AI for Biological Systems | Orr Biologicals"", ""og:description"": ""Why vision inference belongs on-device at ~2 W: latency, privacy of your lab bench, and the reliability story cloud loops cannot tell."", ""og:type"": ""article"", ""og:url"": ""https://orrbiologicals.com/blog/edge-ai-biological-systems"", ""og:image"": ""https://orrbiologicals.com/assets/og.png"", ""article:published_time"": ""2026-08-08"", ""twitter:card"": ""summary_large_image"", ""article:modified_time"": ""2026-10-04"", ""og:site_name"": ""Orr Biologicals"", ""twitter:title"": ""Edge AI for Biological Systems | Orr Biologicals"", ""twitter:description"": ""Why vision inference belongs on-device at ~2 W: latency, privacy of your lab bench, and the reliability story cloud loops cannot tell."", ""twitter:image"": ""https://orrbiologicals.com/assets/og.png""}"
https://orrbiologicals.com/blog/federated-learning-network,blog/federated-learning-network.html,A Federated Learning Network for Algae Reactors | Orr Biologicals,A Federated Learning Network for Algae Reactors | Orr Biologicals,"Sharing fitted twin parameters instead of images or traces: MQTT topics, bounds-checking, last-will obituaries and vandal-resistant averaging.","Sharing fitted twin parameters instead of images or traces: MQTT topics, bounds-checking, last-will obituaries and vandal-resistant averaging.","[""A Federated Learning Network for Algae Reactors""]","[""Research context and limitations"", ""Source-linked reading"", ""Continue the topic"", ""Connect this guide to the wider research""]",Informational,A Federated Learning Network for Algae Reactors,"[""Research context and limitations"", ""Source-linked reading"", ""Continue the topic"", ""Connect this guide to the wider research""]",Learn / evaluate research concepts,Algaephyte,1023,Editorial review required; word count is not a quality score,"[""https://orrbiologicals.com/algaephyte/"", ""https://orrbiologicals.com/blog/"", ""https://orrbiologicals.com/blog/edge-ai-biological-systems""]","[""https://orrbiologicals.com/"", ""https://orrbiologicals.com/#deploy"", ""https://orrbiologicals.com/#inside"", ""https://orrbiologicals.com/#products"", ""https://orrbiologicals.com/#system"", ""https://orrbiologicals.com/algaephyte/"", ""https://orrbiologicals.com/applications/"", ""https://orrbiologicals.com/blog/"", ""https://orrbiologicals.com/blog/#kb"", ""https://orrbiologicals.com/blog/bounded-autonomy-safe-ai-proposals"", ""https://orrbiologicals.com/blog/control-loop-architecture"", ""https://orrbiologicals.com/blog/digital-twin-droop-steele-model"", ""https://orrbiologicals.com/cyanoflow"", ""https://orrbiologicals.com/disclaimer"", ""https://orrbiologicals.com/game/"", ""https://orrbiologicals.com/glossary"", ""https://orrbiologicals.com/microalgae-cultivation/"", ""https://orrbiologicals.com/photobioreactors/"", ""https://orrbiologicals.com/privacy"", ""https://orrbiologicals.com/research/"", ""https://orrbiologicals.com/terms""]","[""https://pmc.ncbi.nlm.nih.gov/articles/PMC9368473/""]",https://orrbiologicals.com/blog/federated-learning-network,"[""Article"", ""BreadcrumbList""]",[],[],Illustrations vs measurements must be labeled; no pixel review implied,"{""missing"": 0, ""empty"": 0}",indexable,Supporting,IMPROVE,1,[],"{"""": """", ""viewport"": ""width=device-width, initial-scale=1"", ""referrer"": ""strict-origin-when-cross-origin"", ""description"": ""Sharing fitted twin parameters instead of images or traces: MQTT topics, bounds-checking, last-will obituaries and vandal-resistant averaging."", ""og:title"": ""A Federated Learning Network for Algae Reactors | Orr Biologicals"", ""og:description"": ""Sharing fitted twin parameters instead of images or traces: MQTT topics, bounds-checking, last-will obituaries and vandal-resistant averaging."", ""og:type"": ""article"", ""og:url"": ""https://orrbiologicals.com/blog/federated-learning-network"", ""og:image"": ""https://orrbiologicals.com/assets/og.png"", ""article:published_time"": ""2026-08-17"", ""twitter:card"": ""summary_large_image"", ""article:modified_time"": ""2026-10-04"", ""og:site_name"": ""Orr Biologicals"", ""twitter:title"": ""A Federated Learning Network for Algae Reactors | Orr Biologicals"", ""twitter:description"": ""Sharing fitted twin parameters instead of images or traces: MQTT topics, bounds-checking, last-will obituaries and vandal-resistant averaging."", ""twitter:image"": ""https://orrbiologicals.com/assets/og.png""}"
https://orrbiologicals.com/blog/harvesting-and-using-fresh-spirulina,blog/harvesting-and-using-fresh-spirulina.html,Harvesting and Using Fresh Spirulina | Orr Biologicals,Harvesting and Using Fresh Spirulina | Orr Biologicals,"When and how to harvest fresh Spirulina at home, simple screening and pressing methods, storage, and honest notes on freshness versus bottled supplements.","When and how to harvest fresh Spirulina at home, simple screening and pressing methods, storage, and honest notes on freshness versus bottled supplements.","[""Harvesting and Using Fresh Spirulina""]","[""Research context and limitations"", ""Source-linked reading"", ""Continue the topic"", ""Connect this guide to the wider research""]",Informational,Harvesting and Using Fresh Spirulina,"[""Research context and limitations"", ""Source-linked reading"", ""Continue the topic"", ""Connect this guide to the wider research""]",Learn / evaluate research concepts,Algaephyte,570,Editorial review required; word count is not a quality score,"[""https://orrbiologicals.com/"", ""https://orrbiologicals.com/blog/"", ""https://orrbiologicals.com/blog/digital-twins-biological-cultivation"", ""https://orrbiologicals.com/blog/how-to-start-home-spirulina-culture"", ""https://orrbiologicals.com/blog/light-temperature-mixing"", ""https://orrbiologicals.com/blog/photobioreactor-ai-optimization"", ""https://orrbiologicals.com/blog/spirulina-is-a-cyanobacterium"", ""https://orrbiologicals.com/blog/troubleshooting-contamination-crashes"", ""https://orrbiologicals.com/blog/troubleshooting-ph-and-carbon"", ""https://orrbiologicals.com/blog/zarrouk-medium-and-nutrients"", ""https://orrbiologicals.com/microalgae-cultivation/""]","[""https://orrbiologicals.com/"", ""https://orrbiologicals.com/#deploy"", ""https://orrbiologicals.com/#inside"", ""https://orrbiologicals.com/#products"", ""https://orrbiologicals.com/#system"", ""https://orrbiologicals.com/algaephyte/"", ""https://orrbiologicals.com/applications/"", ""https://orrbiologicals.com/blog/"", ""https://orrbiologicals.com/blog/#kb"", ""https://orrbiologicals.com/blog/how-to-start-home-spirulina-culture"", ""https://orrbiologicals.com/blog/light-temperature-mixing"", ""https://orrbiologicals.com/blog/zarrouk-medium-and-nutrients"", ""https://orrbiologicals.com/cyanoflow"", ""https://orrbiologicals.com/disclaimer"", ""https://orrbiologicals.com/game/"", ""https://orrbiologicals.com/glossary"", ""https://orrbiologicals.com/microalgae-cultivation/"", ""https://orrbiologicals.com/photobioreactors/"", ""https://orrbiologicals.com/privacy"", ""https://orrbiologicals.com/research/"", ""https://orrbiologicals.com/terms""]","[""https://pmc.ncbi.nlm.nih.gov/articles/PMC9368473/""]",https://orrbiologicals.com/blog/harvesting-and-using-fresh-spirulina,"[""Article"", ""BreadcrumbList""]",[],[],Illustrations vs measurements must be labeled; no pixel review implied,"{""missing"": 0, ""empty"": 0}",indexable,Supporting,IMPROVE,1,[],"{"""": """", ""viewport"": ""width=device-width, initial-scale=1"", ""referrer"": ""strict-origin-when-cross-origin"", ""description"": ""When and how to harvest fresh Spirulina at home, simple screening and pressing methods, storage, and honest notes on freshness versus bottled supplements."", ""og:title"": ""Harvesting and Using Fresh Spirulina | Orr Biologicals"", ""og:description"": ""When and how to harvest fresh Spirulina at home, simple screening and pressing methods, storage, and honest notes on freshness versus bottled supplements."", ""og:type"": ""article"", ""og:url"": ""https://orrbiologicals.com/blog/harvesting-and-using-fresh-spirulina"", ""og:image"": ""https://orrbiologicals.com/assets/og.png"", ""article:published_time"": ""2026-07-09"", ""twitter:card"": ""summary_large_image"", ""article:modified_time"": ""2026-10-04"", ""og:site_name"": ""Orr Biologicals"", ""twitter:title"": ""Harvesting and Using Fresh Spirulina | Orr Biologicals"", ""twitter:description"": ""When and how to harvest fresh Spirulina at home, simple screening and pressing methods, storage, and honest notes on freshness versus bottled supplements."", ""twitter:image"": ""https://orrbiologicals.com/assets/og.png""}"
https://orrbiologicals.com/blog/how-main-keeps-culture-safe,blog/how-main-keeps-culture-safe.html,How Algaephyte Keeps Your Culture Safe | Orr Biologicals,How Algaephyte Keeps Your Culture Safe | Orr Biologicals,Plain-language walkthrough of the two-check safety system plus physical backstops — and why doing nothing is usually the safe action.,Plain-language walkthrough of the two-check safety system plus physical backstops — and why doing nothing is usually the safe action.,"[""How Algaephyte Keeps Your Culture Safe""]","[""Research context and limitations"", ""Source-linked reading"", ""Continue the topic"", ""Connect this guide to the wider research""]",Informational,How Algaephyte Keeps Your Culture Safe,"[""Research context and limitations"", ""Source-linked reading"", ""Continue the topic"", ""Connect this guide to the wider research""]",Learn / evaluate research concepts,Algaephyte,910,Editorial review required; word count is not a quality score,"[""https://orrbiologicals.com/blog/"", ""https://orrbiologicals.com/blog/bounded-autonomy-safe-ai-proposals"", ""https://orrbiologicals.com/blog/control-loop-architecture"", ""https://orrbiologicals.com/blog/digital-twin-droop-steele-model"", ""https://orrbiologicals.com/research/""]","[""https://orrbiologicals.com/"", ""https://orrbiologicals.com/#deploy"", ""https://orrbiologicals.com/#inside"", ""https://orrbiologicals.com/#products"", ""https://orrbiologicals.com/#system"", ""https://orrbiologicals.com/algaephyte/"", ""https://orrbiologicals.com/applications/"", ""https://orrbiologicals.com/blog/"", ""https://orrbiologicals.com/blog/#kb"", ""https://orrbiologicals.com/blog/bounded-autonomy-safe-ai-proposals"", ""https://orrbiologicals.com/blog/control-loop-architecture"", ""https://orrbiologicals.com/blog/digital-twin-droop-steele-model"", ""https://orrbiologicals.com/cyanoflow"", ""https://orrbiologicals.com/disclaimer"", ""https://orrbiologicals.com/game/"", ""https://orrbiologicals.com/glossary"", ""https://orrbiologicals.com/microalgae-cultivation/"", ""https://orrbiologicals.com/photobioreactors/"", ""https://orrbiologicals.com/privacy"", ""https://orrbiologicals.com/research/"", ""https://orrbiologicals.com/terms""]","[""https://pmc.ncbi.nlm.nih.gov/articles/PMC9368473/""]",https://orrbiologicals.com/blog/how-main-keeps-culture-safe,"[""Article"", ""BreadcrumbList""]",[],[],Illustrations vs measurements must be labeled; no pixel review implied,"{""missing"": 0, ""empty"": 0}",indexable,Supporting,IMPROVE,1,[],"{"""": """", ""viewport"": ""width=device-width, initial-scale=1"", ""referrer"": ""strict-origin-when-cross-origin"", ""description"": ""Plain-language walkthrough of the two-check safety system plus physical backstops — and why doing nothing is usually the safe action."", ""og:title"": ""How Algaephyte Keeps Your Culture Safe | Orr Biologicals"", ""og:description"": ""Plain-language walkthrough of the two-check safety system plus physical backstops — and why doing nothing is usually the safe action."", ""og:type"": ""article"", ""og:url"": ""https://orrbiologicals.com/blog/how-main-keeps-culture-safe"", ""og:image"": ""https://orrbiologicals.com/assets/og.png"", ""article:published_time"": ""2026-08-01"", ""twitter:card"": ""summary_large_image"", ""article:modified_time"": ""2026-10-04"", ""og:site_name"": ""Orr Biologicals"", ""twitter:title"": ""How Algaephyte Keeps Your Culture Safe | Orr Biologicals"", ""twitter:description"": ""Plain-language walkthrough of the two-check safety system plus physical backstops — and why doing nothing is usually the safe action."", ""twitter:image"": ""https://orrbiologicals.com/assets/og.png""}"
https://orrbiologicals.com/blog/how-to-start-home-spirulina-culture,blog/how-to-start-home-spirulina-culture.html,How to Start a Home Spirulina Culture (Without Guesswork) | Orr Biologicals,How to Start a Home Spirulina Culture (Without Guesswork) | Orr Biologicals,"A plain-language guide to starting Spirulina at home: what you need, live culture vs powder, light, warmth, alkalinity and the first signs your culture is thriving.","A plain-language guide to starting Spirulina at home: what you need, live culture vs powder, light, warmth, alkalinity and the first signs your culture is thriving.","[""How to Start a Home Spirulina Culture (Without Guesswork)""]","[""Research context and limitations"", ""Source-linked reading"", ""Continue the topic"", ""Connect this guide to the wider research""]",Informational,How to Start a Home Spirulina Culture (Without Guesswork),"[""Research context and limitations"", ""Source-linked reading"", ""Continue the topic"", ""Connect this guide to the wider research""]",Learn / evaluate research concepts,Algaephyte,555,Editorial review required; word count is not a quality score,"[""https://orrbiologicals.com/"", ""https://orrbiologicals.com/blog/"", ""https://orrbiologicals.com/blog/digital-twins-biological-cultivation"", ""https://orrbiologicals.com/blog/harvesting-and-using-fresh-spirulina"", ""https://orrbiologicals.com/blog/light-temperature-mixing"", ""https://orrbiologicals.com/blog/photobioreactor-ai-optimization"", ""https://orrbiologicals.com/blog/reading-your-culture"", ""https://orrbiologicals.com/blog/spirulina-is-a-cyanobacterium"", ""https://orrbiologicals.com/blog/troubleshooting-contamination-crashes"", ""https://orrbiologicals.com/blog/troubleshooting-ph-and-carbon"", ""https://orrbiologicals.com/blog/winter-home-growing-warmth"", ""https://orrbiologicals.com/blog/zarrouk-medium-and-nutrients"", ""https://orrbiologicals.com/research/""]","[""https://orrbiologicals.com/"", ""https://orrbiologicals.com/#deploy"", ""https://orrbiologicals.com/#inside"", ""https://orrbiologicals.com/#products"", ""https://orrbiologicals.com/#system"", ""https://orrbiologicals.com/algaephyte/"", ""https://orrbiologicals.com/applications/"", ""https://orrbiologicals.com/blog/"", ""https://orrbiologicals.com/blog/#kb"", ""https://orrbiologicals.com/blog/harvesting-and-using-fresh-spirulina"", ""https://orrbiologicals.com/blog/how-to-start-home-spirulina-culture"", ""https://orrbiologicals.com/blog/light-temperature-mixing"", ""https://orrbiologicals.com/blog/zarrouk-medium-and-nutrients"", ""https://orrbiologicals.com/cyanoflow"", ""https://orrbiologicals.com/disclaimer"", ""https://orrbiologicals.com/game/"", ""https://orrbiologicals.com/glossary"", ""https://orrbiologicals.com/microalgae-cultivation/"", ""https://orrbiologicals.com/photobioreactors/"", ""https://orrbiologicals.com/privacy"", ""https://orrbiologicals.com/research/"", ""https://orrbiologicals.com/terms""]","[""https://pmc.ncbi.nlm.nih.gov/articles/PMC9368473/""]",https://orrbiologicals.com/blog/how-to-start-home-spirulina-culture,"[""Article"", ""BreadcrumbList""]",[],[],Illustrations vs measurements must be labeled; no pixel review implied,"{""missing"": 0, ""empty"": 0}",indexable,Supporting,IMPROVE,1,[],"{"""": """", ""viewport"": ""width=device-width, initial-scale=1"", ""referrer"": ""strict-origin-when-cross-origin"", ""description"": ""A plain-language guide to starting Spirulina at home: what you need, live culture vs powder, light, warmth, alkalinity and the first signs your culture is thriving."", ""og:title"": ""How to Start a Home Spirulina Culture (Without Guesswork) | Orr Biologicals"", ""og:description"": ""A plain-language guide to starting Spirulina at home: what you need, live culture vs powder, light, warmth, alkalinity and the first signs your culture is thriving."", ""og:type"": ""article"", ""og:url"": ""https://orrbiologicals.com/blog/how-to-start-home-spirulina-culture"", ""og:image"": ""https://orrbiologicals.com/assets/og.png"", ""article:published_time"": ""2026-07-02"", ""twitter:card"": ""summary_large_image"", ""article:modified_time"": ""2026-10-04"", ""og:site_name"": ""Orr Biologicals"", ""twitter:title"": ""How to Start a Home Spirulina Culture (Without Guesswork) | Orr Biologicals"", ""twitter:description"": ""A plain-language guide to starting Spirulina at home: what you need, live culture vs powder, light, warmth, alkalinity and the first signs your culture is thriving."", ""twitter:image"": ""https://orrbiologicals.com/assets/og.png""}"
https://orrbiologicals.com/blog/,blog/index.html,Algae Cultivation Guides & Research Notes | Orr Biologicals,Algae Cultivation Guides & Research Notes | Orr Biologicals,"Explore Spirulina cultivation, algae sensors, digital twins and single-cell imaging guides, plus clearly labeled AI-assisted research summaries.","Explore Spirulina cultivation, algae sensors, digital twins and single-cell imaging guides, plus clearly labeled AI-assisted research summaries.","[""Algae cultivation guidesand research notes""]","[""Cultivation guides and single-cell research notes."", ""Four papers, written up.""]",Informational,Algae cultivation guidesand research notes,"[""Cultivation guides and single-cell research notes."", ""Four papers, written up.""]",Learn / evaluate research concepts,Algaephyte,1060,Editorial review required; word count is not a quality score,"[""https://orrbiologicals.com/"", ""https://orrbiologicals.com/404"", ""https://orrbiologicals.com/algae-biotechnology/"", ""https://orrbiologicals.com/algaephyte/"", ""https://orrbiologicals.com/applications/"", ""https://orrbiologicals.com/applications/algae-rations-for-bivalve-larvae"", ""https://orrbiologicals.com/applications/best-microalgae-for-copepod-culture"", ""https://orrbiologicals.com/applications/how-to-feed-copepods"", ""https://orrbiologicals.com/applications/how-to-grow-a-microalgae-culture"", ""https://orrbiologicals.com/applications/how-to-scale-a-microalgae-culture"", ""https://orrbiologicals.com/applications/how-to-start-a-phytoplankton-culture"", ""https://orrbiologicals.com/applications/microalgae-for-marine-fish-larvae"", ""https://orrbiologicals.com/applications/microalgal-biotechnology"", ""https://orrbiologicals.com/applications/pavlova-vs-isochrysis"", ""https://orrbiologicals.com/applications/phytoplankton-aquaculture-food-webs"", ""https://orrbiologicals.com/applications/prevent-contamination-microalgae-cultures"", ""https://orrbiologicals.com/applications/species/arthrospira"", ""https://orrbiologicals.com/applications/species/chaetoceros"", ""https://orrbiologicals.com/applications/species/chlorella"", ""https://orrbiologicals.com/applications/species/dunaliella"", ""https://orrbiologicals.com/applications/species/haematococcus"", ""https://orrbiologicals.com/applications/species/isochrysis-tisochrysis"", ""https://orrbiologicals.com/applications/species/nannochloropsis"", ""https://orrbiologicals.com/applications/species/pavlova"", ""https://orrbiologicals.com/applications/species/phaeodactylum"", ""https://orrbiologicals.com/applications/species/tetraselmis"", ""https://orrbiologicals.com/applications/why-isochrysis-matters-aquaculture"", ""https://orrbiologicals.com/blog/alkalinity-as-a-control-variable"", ""https://orrbiologicals.com/blog/bounded-autonomy-safe-ai-proposals"", ""https://orrbiologicals.com/blog/control-loop-architecture"", ""https://orrbiologicals.com/blog/digital-twin-droop-steele-model"", ""https://orrbiologicals.com/blog/digital-twins-biological-cultivation"", ""https://orrbiologicals.com/blog/dissolved-oxygen-stress-signal"", ""https://orrbiologicals.com/blog/edge-ai-biological-systems"", ""https://orrbiologicals.com/blog/federated-learning-network"", ""https://orrbiologicals.com/blog/harvesting-and-using-fresh-spirulina"", ""https://orrbiologicals.com/blog/how-main-keeps-culture-safe"", ""https://orrbiologicals.com/blog/how-to-start-home-spirulina-culture"", ""https://orrbiologicals.com/blog/light-temperature-mixing"", ""https://orrbiologicals.com/blog/photobioreactor-ai-optimization"", ""https://orrbiologicals.com/blog/reading-your-culture"", ""https://orrbiologicals.com/blog/single-cell-microalgae-microfluidics"", ""https://orrbiologicals.com/blog/six-culture-signals-main-senses"", ""https://orrbiologicals.com/blog/spirulina-is-a-cyanobacterium"", ""https://orrbiologicals.com/blog/troubleshooting-contamination-crashes"", ""https://orrbiologicals.com/blog/troubleshooting-ph-and-carbon"", ""https://orrbiologicals.com/blog/vision-contamination-detection"", ""https://orrbiologicals.com/blog/what-is-main-plain-language"", ""https://orrbiologicals.com/blog/winter-home-growing-warmth"", ""https://orrbiologicals.com/blog/zarrouk-medium-and-nutrients"", ""https://orrbiologicals.com/cyanoflow"", ""https://orrbiologicals.com/disclaimer"", ""https://orrbiologicals.com/game/"", ""https://orrbiologicals.com/glossary"", ""https://orrbiologicals.com/microalgae-cultivation/"", ""https://orrbiologicals.com/photobioreactors/"", ""https://orrbiologicals.com/privacy"", ""https://orrbiologicals.com/research/"", ""https://orrbiologicals.com/terms""]","[""https://orrbiologicals.com/"", ""https://orrbiologicals.com/#deploy"", ""https://orrbiologicals.com/#inside"", ""https://orrbiologicals.com/#products"", ""https://orrbiologicals.com/algae-biotechnology/"", ""https://orrbiologicals.com/algaephyte/"", ""https://orrbiologicals.com/applications/"", ""https://orrbiologicals.com/blog/"", ""https://orrbiologicals.com/blog/alkalinity-as-a-control-variable"", ""https://orrbiologicals.com/blog/bounded-autonomy-safe-ai-proposals"", ""https://orrbiologicals.com/blog/control-loop-architecture"", ""https://orrbiologicals.com/blog/digital-twin-droop-steele-model"", ""https://orrbiologicals.com/blog/digital-twins-biological-cultivation"", ""https://orrbiologicals.com/blog/dissolved-oxygen-stress-signal"", ""https://orrbiologicals.com/blog/edge-ai-biological-systems"", ""https://orrbiologicals.com/blog/federated-learning-network"", ""https://orrbiologicals.com/blog/harvesting-and-using-fresh-spirulina"", ""https://orrbiologicals.com/blog/how-main-keeps-culture-safe"", ""https://orrbiologicals.com/blog/how-to-start-home-spirulina-culture"", ""https://orrbiologicals.com/blog/light-temperature-mixing"", ""https://orrbiologicals.com/blog/photobioreactor-ai-optimization"", ""https://orrbiologicals.com/blog/reading-your-culture"", ""https://orrbiologicals.com/blog/single-cell-microalgae-microfluidics"", ""https://orrbiologicals.com/blog/six-culture-signals-main-senses"", ""https://orrbiologicals.com/blog/spirulina-is-a-cyanobacterium"", ""https://orrbiologicals.com/blog/troubleshooting-contamination-crashes"", ""https://orrbiologicals.com/blog/troubleshooting-ph-and-carbon"", ""https://orrbiologicals.com/blog/vision-contamination-detection"", ""https://orrbiologicals.com/blog/what-is-main-plain-language"", ""https://orrbiologicals.com/blog/winter-home-growing-warmth"", ""https://orrbiologicals.com/blog/zarrouk-medium-and-nutrients"", ""https://orrbiologicals.com/cyanoflow"", ""https://orrbiologicals.com/game/"", ""https://orrbiologicals.com/microalgae-cultivation/"", ""https://orrbiologicals.com/photobioreactors/"", ""https://orrbiologicals.com/privacy"", ""https://orrbiologicals.com/terms""]",[],https://orrbiologicals.com/blog/,"[""Blog""]",[],"[{""class"": ""pk-img"", ""src"": """", ""alt"": """", ""loading"": ""lazy""}, {""class"": ""pk-img"", ""src"": """", ""alt"": """", ""loading"": ""lazy""}, {""class"": ""pk-img"", ""src"": """", ""alt"": """", ""loading"": ""lazy""}, {""class"": ""pk-img"", ""src"": """", ""alt"": """", ""loading"": ""lazy""}]",Illustrations vs measurements must be labeled; no pixel review implied,"{""missing"": 0, ""empty"": 4}",indexable,High,IMPROVE,1,[],"{"""": """", ""viewport"": ""width=device-width, initial-scale=1"", ""referrer"": ""strict-origin-when-cross-origin"", ""description"": ""Explore Spirulina cultivation, algae sensors, digital twins and single-cell imaging guides, plus clearly labeled AI-assisted research summaries."", ""og:title"": ""Algae Cultivation Guides & Research Notes | Orr Biologicals"", ""og:description"": ""Explore Spirulina cultivation, algae sensors, digital twins and single-cell imaging guides, plus clearly labeled AI-assisted research summaries."", ""og:type"": ""website"", ""og:url"": ""https://orrbiologicals.com/blog/"", ""og:image"": ""https://orrbiologicals.com/assets/og.png"", ""twitter:card"": ""summary_large_image"", ""og:site_name"": ""Orr Biologicals"", ""twitter:title"": ""Algae Cultivation Guides & Research Notes | Orr Biologicals"", ""twitter:description"": ""Explore Spirulina cultivation, algae sensors, digital twins and single-cell imaging guides, plus clearly labeled AI-assisted research summaries."", ""twitter:image"": ""https://orrbiologicals.com/assets/og.png""}"
https://orrbiologicals.com/blog/light-temperature-mixing,blog/light-temperature-mixing.html,"Light, Temperature and Mixing: The Three Physical Levers | Orr Biologicals","Light, Temperature and Mixing: The Three Physical Levers | Orr Biologicals","How irradiance, temperature band and mixing shape Spirulina growth rate — and why more of any one of them stops helping surprisingly early.","How irradiance, temperature band and mixing shape Spirulina growth rate — and why more of any one of them stops helping surprisingly early.","[""Light, Temperature and Mixing: The Three Physical Levers""]","[""Research context and limitations"", ""Source-linked reading"", ""Continue the topic"", ""Connect this guide to the wider research""]",Informational,"Light, Temperature and Mixing: The Three Physical Levers","[""Research context and limitations"", ""Source-linked reading"", ""Continue the topic"", ""Connect this guide to the wider research""]",Learn / evaluate research concepts,Algaephyte,566,Editorial review required; word count is not a quality score,"[""https://orrbiologicals.com/blog/"", ""https://orrbiologicals.com/blog/harvesting-and-using-fresh-spirulina"", ""https://orrbiologicals.com/blog/how-to-start-home-spirulina-culture"", ""https://orrbiologicals.com/blog/zarrouk-medium-and-nutrients"", ""https://orrbiologicals.com/glossary"", ""https://orrbiologicals.com/microalgae-cultivation/"", ""https://orrbiologicals.com/photobioreactors/"", ""https://orrbiologicals.com/research/""]","[""https://orrbiologicals.com/"", ""https://orrbiologicals.com/#deploy"", ""https://orrbiologicals.com/#inside"", ""https://orrbiologicals.com/#products"", ""https://orrbiologicals.com/#system"", ""https://orrbiologicals.com/algaephyte/"", ""https://orrbiologicals.com/applications/"", ""https://orrbiologicals.com/blog/"", ""https://orrbiologicals.com/blog/#kb"", ""https://orrbiologicals.com/blog/harvesting-and-using-fresh-spirulina"", ""https://orrbiologicals.com/blog/how-to-start-home-spirulina-culture"", ""https://orrbiologicals.com/blog/zarrouk-medium-and-nutrients"", ""https://orrbiologicals.com/cyanoflow"", ""https://orrbiologicals.com/disclaimer"", ""https://orrbiologicals.com/game/"", ""https://orrbiologicals.com/glossary"", ""https://orrbiologicals.com/microalgae-cultivation/"", ""https://orrbiologicals.com/photobioreactors/"", ""https://orrbiologicals.com/privacy"", ""https://orrbiologicals.com/research/"", ""https://orrbiologicals.com/terms""]","[""https://pmc.ncbi.nlm.nih.gov/articles/PMC9368473/""]",https://orrbiologicals.com/blog/light-temperature-mixing,"[""Article"", ""BreadcrumbList""]",[],[],Illustrations vs measurements must be labeled; no pixel review implied,"{""missing"": 0, ""empty"": 0}",indexable,Supporting,IMPROVE,1,[],"{"""": """", ""viewport"": ""width=device-width, initial-scale=1"", ""referrer"": ""strict-origin-when-cross-origin"", ""description"": ""How irradiance, temperature band and mixing shape Spirulina growth rate — and why more of any one of them stops helping surprisingly early."", ""og:title"": ""Light, Temperature and Mixing: The Three Physical Levers | Orr Biologicals"", ""og:description"": ""How irradiance, temperature band and mixing shape Spirulina growth rate — and why more of any one of them stops helping surprisingly early."", ""og:type"": ""article"", ""og:url"": ""https://orrbiologicals.com/blog/light-temperature-mixing"", ""og:image"": ""https://orrbiologicals.com/assets/og.png"", ""article:published_time"": ""2026-07-23"", ""twitter:card"": ""summary_large_image"", ""article:modified_time"": ""2026-10-04"", ""og:site_name"": ""Orr Biologicals"", ""twitter:title"": ""Light, Temperature and Mixing: The Three Physical Levers | Orr Biologicals"", ""twitter:description"": ""How irradiance, temperature band and mixing shape Spirulina growth rate — and why more of any one of them stops helping surprisingly early."", ""twitter:image"": ""https://orrbiologicals.com/assets/og.png""}"
https://orrbiologicals.com/blog/photobioreactor-ai-optimization,blog/photobioreactor-ai-optimization.html,"AI Optimization in Photobioreactors: Propose, Then Verify | Orr Biologicals","AI Optimization in Photobioreactors: Propose, Then Verify | Orr Biologicals",How AI belongs in an algae photobioreactor: bounded proposals checked by hard limits and a physics twin — never direct control of pumps.,How AI belongs in an algae photobioreactor: bounded proposals checked by hard limits and a physics twin — never direct control of pumps.,"[""AI Optimization in Photobioreactors: Propose, Then Verify""]","[""Research context and limitations"", ""Source-linked reading"", ""Continue the topic"", ""Connect this guide to the wider research""]",Informational,"AI Optimization in Photobioreactors: Propose, Then Verify","[""Research context and limitations"", ""Source-linked reading"", ""Continue the topic"", ""Connect this guide to the wider research""]",Learn / evaluate research concepts,Algaephyte,850,Editorial review required; word count is not a quality score,"[""https://orrbiologicals.com/blog/"", ""https://orrbiologicals.com/blog/digital-twins-biological-cultivation""]","[""https://orrbiologicals.com/"", ""https://orrbiologicals.com/#deploy"", ""https://orrbiologicals.com/#inside"", ""https://orrbiologicals.com/#products"", ""https://orrbiologicals.com/#simulation"", ""https://orrbiologicals.com/#system"", ""https://orrbiologicals.com/algaephyte/"", ""https://orrbiologicals.com/applications/"", ""https://orrbiologicals.com/blog/"", ""https://orrbiologicals.com/blog/#kb"", ""https://orrbiologicals.com/blog/digital-twins-biological-cultivation"", ""https://orrbiologicals.com/blog/harvesting-and-using-fresh-spirulina"", ""https://orrbiologicals.com/blog/how-to-start-home-spirulina-culture"", ""https://orrbiologicals.com/cyanoflow"", ""https://orrbiologicals.com/disclaimer"", ""https://orrbiologicals.com/game/"", ""https://orrbiologicals.com/glossary"", ""https://orrbiologicals.com/microalgae-cultivation/"", ""https://orrbiologicals.com/photobioreactors/"", ""https://orrbiologicals.com/privacy"", ""https://orrbiologicals.com/research/"", ""https://orrbiologicals.com/terms""]","[""https://pmc.ncbi.nlm.nih.gov/articles/PMC9368473/""]",https://orrbiologicals.com/blog/photobioreactor-ai-optimization,"[""Article"", ""BreadcrumbList""]",[],[],Illustrations vs measurements must be labeled; no pixel review implied,"{""missing"": 0, ""empty"": 0}",indexable,Supporting,IMPROVE,1,[],"{"""": """", ""viewport"": ""width=device-width, initial-scale=1"", ""referrer"": ""strict-origin-when-cross-origin"", ""description"": ""How AI belongs in an algae photobioreactor: bounded proposals checked by hard limits and a physics twin — never direct control of pumps."", ""og:title"": ""AI Optimization in Photobioreactors: Propose, Then Verify | Orr Biologicals"", ""og:description"": ""How AI belongs in an algae photobioreactor: bounded proposals checked by hard limits and a physics twin — never direct control of pumps."", ""og:type"": ""article"", ""og:url"": ""https://orrbiologicals.com/blog/photobioreactor-ai-optimization"", ""og:image"": ""https://orrbiologicals.com/assets/og.png"", ""article:published_time"": ""2026-08-06"", ""twitter:card"": ""summary_large_image"", ""article:modified_time"": ""2026-10-04"", ""og:site_name"": ""Orr Biologicals"", ""twitter:title"": ""AI Optimization in Photobioreactors: Propose, Then Verify | Orr Biologicals"", ""twitter:description"": ""How AI belongs in an algae photobioreactor: bounded proposals checked by hard limits and a physics twin — never direct control of pumps."", ""twitter:image"": ""https://orrbiologicals.com/assets/og.png""}"
https://orrbiologicals.com/blog/reading-your-culture,blog/reading-your-culture.html,"Reading Your Culture: Color, Density, Smell | Orr Biologicals","Reading Your Culture: Color, Density, Smell | Orr Biologicals","A no-lab guide to reading Spirulina health: blue-green color cues, spoon-depth density tests, smell diagnostics and the cheap measurements worth taking daily.","A no-lab guide to reading Spirulina health: blue-green color cues, spoon-depth density tests, smell diagnostics and the cheap measurements worth taking daily.","[""Reading Your Culture: Color, Density, Smell""]","[""Research context and limitations"", ""Source-linked reading"", ""Continue the topic"", ""Connect this guide to the wider research""]",Informational,"Reading Your Culture: Color, Density, Smell","[""Research context and limitations"", ""Source-linked reading"", ""Continue the topic"", ""Connect this guide to the wider research""]",Learn / evaluate research concepts,Algaephyte,579,Editorial review required; word count is not a quality score,"[""https://orrbiologicals.com/blog/"", ""https://orrbiologicals.com/blog/alkalinity-as-a-control-variable"", ""https://orrbiologicals.com/blog/dissolved-oxygen-stress-signal"", ""https://orrbiologicals.com/blog/six-culture-signals-main-senses"", ""https://orrbiologicals.com/blog/winter-home-growing-warmth""]","[""https://orrbiologicals.com/"", ""https://orrbiologicals.com/#deploy"", ""https://orrbiologicals.com/#inside"", ""https://orrbiologicals.com/#products"", ""https://orrbiologicals.com/#system"", ""https://orrbiologicals.com/algaephyte/"", ""https://orrbiologicals.com/applications/"", ""https://orrbiologicals.com/blog/"", ""https://orrbiologicals.com/blog/#kb"", ""https://orrbiologicals.com/blog/alkalinity-as-a-control-variable"", ""https://orrbiologicals.com/blog/digital-twin-droop-steele-model"", ""https://orrbiologicals.com/blog/how-to-start-home-spirulina-culture"", ""https://orrbiologicals.com/blog/winter-home-growing-warmth"", ""https://orrbiologicals.com/cyanoflow"", ""https://orrbiologicals.com/disclaimer"", ""https://orrbiologicals.com/game/"", ""https://orrbiologicals.com/glossary"", ""https://orrbiologicals.com/microalgae-cultivation/"", ""https://orrbiologicals.com/photobioreactors/"", ""https://orrbiologicals.com/privacy"", ""https://orrbiologicals.com/research/"", ""https://orrbiologicals.com/terms""]","[""https://pmc.ncbi.nlm.nih.gov/articles/PMC9368473/""]",https://orrbiologicals.com/blog/reading-your-culture,"[""Article"", ""BreadcrumbList""]",[],[],Illustrations vs measurements must be labeled; no pixel review implied,"{""missing"": 0, ""empty"": 0}",indexable,Supporting,IMPROVE,1,[],"{"""": """", ""viewport"": ""width=device-width, initial-scale=1"", ""referrer"": ""strict-origin-when-cross-origin"", ""description"": ""A no-lab guide to reading Spirulina health: blue-green color cues, spoon-depth density tests, smell diagnostics and the cheap measurements worth taking daily."", ""og:title"": ""Reading Your Culture: Color, Density, Smell | Orr Biologicals"", ""og:description"": ""A no-lab guide to reading Spirulina health: blue-green color cues, spoon-depth density tests, smell diagnostics and the cheap measurements worth taking daily."", ""og:type"": ""article"", ""og:url"": ""https://orrbiologicals.com/blog/reading-your-culture"", ""og:image"": ""https://orrbiologicals.com/assets/og.png"", ""article:published_time"": ""2026-06-25"", ""twitter:card"": ""summary_large_image"", ""article:modified_time"": ""2026-10-04"", ""og:site_name"": ""Orr Biologicals"", ""twitter:title"": ""Reading Your Culture: Color, Density, Smell | Orr Biologicals"", ""twitter:description"": ""A no-lab guide to reading Spirulina health: blue-green color cues, spoon-depth density tests, smell diagnostics and the cheap measurements worth taking daily."", ""twitter:image"": ""https://orrbiologicals.com/assets/og.png""}"
https://orrbiologicals.com/blog/single-cell-microalgae-microfluidics,blog/single-cell-microalgae-microfluidics.html,Single-Cell Microalgae Analysis with Microfluidics | Orr Biologicals,Single-Cell Microalgae Analysis with Microfluidics | Orr Biologicals,"Compare droplets and microwells for microalgae analysis. Learn how imaging, tracking, phenotype validation and recovery differ, with primary research references.","Compare droplets and microwells for microalgae analysis. Learn how imaging, tracking, phenotype validation and recovery differ, with primary research references.","[""Single-cell microalgae analysis with microfluidics""]","[""Why the culture average can miss useful variation"", ""Droplets, microwells and channels are different choices"", ""Single-cell loading is an observation, not a guarantee"", ""Time-series microscopy: identity comes before growth estimates"", ""Feature extraction is not biochemical confirmation"", ""Recovery and independent phenotype validation"", ""What Cyanoflow proposes, and what it has not demonstrated"", ""References""]",Informational,Single-cell microalgae analysis with microfluidics,"[""Why the culture average can miss useful variation"", ""Droplets, microwells and channels are different choices"", ""Single-cell loading is an observation, not a guarantee"", ""Time-series microscopy: identity comes before growth estimates"", ""Feature extraction is not biochemical confirmation"", ""Recovery and independent phenotype validation"", ""What Cyanoflow proposes, and what it has not demonstrated"", ""References""]",Learn / evaluate research concepts,Algaephyte,879,Editorial review required; word count is not a quality score,"[""https://orrbiologicals.com/"", ""https://orrbiologicals.com/algae-biotechnology/"", ""https://orrbiologicals.com/applications/species/arthrospira"", ""https://orrbiologicals.com/applications/species/chaetoceros"", ""https://orrbiologicals.com/applications/species/chlorella"", ""https://orrbiologicals.com/applications/species/dunaliella"", ""https://orrbiologicals.com/applications/species/haematococcus"", ""https://orrbiologicals.com/applications/species/isochrysis-tisochrysis"", ""https://orrbiologicals.com/applications/species/nannochloropsis"", ""https://orrbiologicals.com/applications/species/pavlova"", ""https://orrbiologicals.com/applications/species/phaeodactylum"", ""https://orrbiologicals.com/applications/species/tetraselmis"", ""https://orrbiologicals.com/blog/"", ""https://orrbiologicals.com/blog/edge-ai-biological-systems"", ""https://orrbiologicals.com/blog/vision-contamination-detection"", ""https://orrbiologicals.com/cyanoflow"", ""https://orrbiologicals.com/glossary"", ""https://orrbiologicals.com/research/""]","[""https://orrbiologicals.com/"", ""https://orrbiologicals.com/#deploy"", ""https://orrbiologicals.com/#inside"", ""https://orrbiologicals.com/#products"", ""https://orrbiologicals.com/applications/"", ""https://orrbiologicals.com/blog/"", ""https://orrbiologicals.com/blog/vision-contamination-detection"", ""https://orrbiologicals.com/cyanoflow"", ""https://orrbiologicals.com/cyanoflow#pipeline"", ""https://orrbiologicals.com/cyanoflow#status"", ""https://orrbiologicals.com/game/"", ""https://orrbiologicals.com/glossary"", ""https://orrbiologicals.com/glossary#microfluidics"", ""https://orrbiologicals.com/glossary#phenotyping"", ""https://orrbiologicals.com/glossary#single-cell-analysis"", ""https://orrbiologicals.com/privacy"", ""https://orrbiologicals.com/research/"", ""https://orrbiologicals.com/terms""]","[""https://elifesciences.org/articles/76519"", ""https://pmc.ncbi.nlm.nih.gov/articles/PMC7467707/"", ""https://pmc.ncbi.nlm.nih.gov/articles/PMC9368473/""]",https://orrbiologicals.com/blog/single-cell-microalgae-microfluidics,"[""Article"", ""BreadcrumbList""]",[],[],Illustrations vs measurements must be labeled; no pixel review implied,"{""missing"": 0, ""empty"": 0}",indexable,Supporting,IMPROVE,1,[],"{"""": """", ""viewport"": ""width=device-width, initial-scale=1"", ""description"": ""Compare droplets and microwells for microalgae analysis. Learn how imaging, tracking, phenotype validation and recovery differ, with primary research references."", ""og:type"": ""article"", ""og:title"": ""Single-Cell Microalgae Analysis with Microfluidics | Orr Biologicals"", ""og:description"": ""Compare droplets and microwells for microalgae analysis. Learn how imaging, tracking, phenotype validation and recovery differ, with primary research references."", ""og:url"": ""https://orrbiologicals.com/blog/single-cell-microalgae-microfluidics"", ""og:image"": ""https://orrbiologicals.com/assets/og.png"", ""og:site_name"": ""Orr Biologicals"", ""twitter:card"": ""summary_large_image"", ""twitter:title"": ""Single-Cell Microalgae Analysis with Microfluidics | Orr Biologicals"", ""twitter:description"": ""Compare droplets and microwells for microalgae analysis. Learn how imaging, tracking, phenotype validation and recovery differ, with primary research references."", ""twitter:image"": ""https://orrbiologicals.com/assets/og.png"", ""article:published_time"": ""2026-10-04"", ""article:modified_time"": ""2026-10-04""}"
https://orrbiologicals.com/blog/six-culture-signals-main-senses,blog/six-culture-signals-main-senses.html,Six Culture Signals: What a Reactor Senses | Orr Biologicals,Six Culture Signals: What a Reactor Senses | Orr Biologicals,"pH, temperature, wall irradiance, OD750, dissolved oxygen, conductivity — six channels each telling a different biological story about one culture.","pH, temperature, wall irradiance, OD750, dissolved oxygen, conductivity — six channels each telling a different biological story about one culture.","[""Six Culture Signals: What a Reactor Senses""]","[""Research context and limitations"", ""Source-linked reading"", ""Continue the topic"", ""Connect this guide to the wider research""]",Informational,Six Culture Signals: What a Reactor Senses,"[""Research context and limitations"", ""Source-linked reading"", ""Continue the topic"", ""Connect this guide to the wider research""]",Learn / evaluate research concepts,Algaephyte,522,Editorial review required; word count is not a quality score,"[""https://orrbiologicals.com/algaephyte/"", ""https://orrbiologicals.com/blog/"", ""https://orrbiologicals.com/blog/alkalinity-as-a-control-variable"", ""https://orrbiologicals.com/blog/dissolved-oxygen-stress-signal"", ""https://orrbiologicals.com/glossary"", ""https://orrbiologicals.com/microalgae-cultivation/"", ""https://orrbiologicals.com/photobioreactors/"", ""https://orrbiologicals.com/research/""]","[""https://orrbiologicals.com/"", ""https://orrbiologicals.com/#deploy"", ""https://orrbiologicals.com/#inside"", ""https://orrbiologicals.com/#products"", ""https://orrbiologicals.com/#system"", ""https://orrbiologicals.com/algaephyte/"", ""https://orrbiologicals.com/applications/"", ""https://orrbiologicals.com/blog/"", ""https://orrbiologicals.com/blog/#kb"", ""https://orrbiologicals.com/blog/alkalinity-as-a-control-variable"", ""https://orrbiologicals.com/blog/dissolved-oxygen-stress-signal"", ""https://orrbiologicals.com/blog/reading-your-culture"", ""https://orrbiologicals.com/cyanoflow"", ""https://orrbiologicals.com/disclaimer"", ""https://orrbiologicals.com/game/"", ""https://orrbiologicals.com/glossary"", ""https://orrbiologicals.com/microalgae-cultivation/"", ""https://orrbiologicals.com/photobioreactors/"", ""https://orrbiologicals.com/privacy"", ""https://orrbiologicals.com/research/"", ""https://orrbiologicals.com/terms""]","[""https://pmc.ncbi.nlm.nih.gov/articles/PMC9368473/""]",https://orrbiologicals.com/blog/six-culture-signals-main-senses,"[""Article"", ""BreadcrumbList""]",[],[],Illustrations vs measurements must be labeled; no pixel review implied,"{""missing"": 0, ""empty"": 0}",indexable,Supporting,IMPROVE,1,[],"{"""": """", ""viewport"": ""width=device-width, initial-scale=1"", ""referrer"": ""strict-origin-when-cross-origin"", ""description"": ""pH, temperature, wall irradiance, OD750, dissolved oxygen, conductivity — six channels each telling a different biological story about one culture."", ""og:title"": ""Six Culture Signals: What a Reactor Senses | Orr Biologicals"", ""og:description"": ""pH, temperature, wall irradiance, OD750, dissolved oxygen, conductivity — six channels each telling a different biological story about one culture."", ""og:type"": ""article"", ""og:url"": ""https://orrbiologicals.com/blog/six-culture-signals-main-senses"", ""og:image"": ""https://orrbiologicals.com/assets/og.png"", ""article:published_time"": ""2026-07-21"", ""twitter:card"": ""summary_large_image"", ""article:modified_time"": ""2026-10-04"", ""og:site_name"": ""Orr Biologicals"", ""twitter:title"": ""Six Culture Signals: What a Reactor Senses | Orr Biologicals"", ""twitter:description"": ""pH, temperature, wall irradiance, OD750, dissolved oxygen, conductivity — six channels each telling a different biological story about one culture."", ""twitter:image"": ""https://orrbiologicals.com/assets/og.png""}"
https://orrbiologicals.com/blog/spirulina-is-a-cyanobacterium,blog/spirulina-is-a-cyanobacterium.html,Spirulina Is a Cyanobacterium — What That Actually Means | Orr Biologicals,Spirulina Is a Cyanobacterium — What That Actually Means | Orr Biologicals,"Arthrospira platensis is a photosynthetic bacterium, not an alga in the plant sense. What cyanobacteria are, and why it matters for cultivation.","Arthrospira platensis is a photosynthetic bacterium, not an alga in the plant sense. What cyanobacteria are, and why it matters for cultivation.","[""Spirulina Is a Cyanobacterium — What That Actually Means""]","[""Research context and limitations"", ""Source-linked reading"", ""Continue the topic"", ""Connect this guide to the wider research""]",Informational,Spirulina Is a Cyanobacterium — What That Actually Means,"[""Research context and limitations"", ""Source-linked reading"", ""Continue the topic"", ""Connect this guide to the wider research""]",Learn / evaluate research concepts,Algaephyte,600,Editorial review required; word count is not a quality score,"[""https://orrbiologicals.com/"", ""https://orrbiologicals.com/algae-biotechnology/"", ""https://orrbiologicals.com/applications/species/arthrospira"", ""https://orrbiologicals.com/blog/"", ""https://orrbiologicals.com/glossary"", ""https://orrbiologicals.com/research/""]","[""https://orrbiologicals.com/"", ""https://orrbiologicals.com/#deploy"", ""https://orrbiologicals.com/#inside"", ""https://orrbiologicals.com/#products"", ""https://orrbiologicals.com/#system"", ""https://orrbiologicals.com/algaephyte/"", ""https://orrbiologicals.com/applications/"", ""https://orrbiologicals.com/blog/"", ""https://orrbiologicals.com/blog/#kb"", ""https://orrbiologicals.com/blog/harvesting-and-using-fresh-spirulina"", ""https://orrbiologicals.com/blog/how-to-start-home-spirulina-culture"", ""https://orrbiologicals.com/blog/zarrouk-medium-and-nutrients"", ""https://orrbiologicals.com/cyanoflow"", ""https://orrbiologicals.com/disclaimer"", ""https://orrbiologicals.com/game/"", ""https://orrbiologicals.com/glossary"", ""https://orrbiologicals.com/microalgae-cultivation/"", ""https://orrbiologicals.com/photobioreactors/"", ""https://orrbiologicals.com/privacy"", ""https://orrbiologicals.com/research/"", ""https://orrbiologicals.com/terms""]","[""https://pmc.ncbi.nlm.nih.gov/articles/PMC9368473/""]",https://orrbiologicals.com/blog/spirulina-is-a-cyanobacterium,"[""Article"", ""BreadcrumbList""]",[],[],Illustrations vs measurements must be labeled; no pixel review implied,"{""missing"": 0, ""empty"": 0}",indexable,Supporting,IMPROVE,1,[],"{"""": """", ""viewport"": ""width=device-width, initial-scale=1"", ""referrer"": ""strict-origin-when-cross-origin"", ""description"": ""Arthrospira platensis is a photosynthetic bacterium, not an alga in the plant sense. What cyanobacteria are, and why it matters for cultivation."", ""og:title"": ""Spirulina Is a Cyanobacterium — What That Actually Means | Orr Biologicals"", ""og:description"": ""Arthrospira platensis is a photosynthetic bacterium, not an alga in the plant sense. What cyanobacteria are, and why it matters for cultivation."", ""og:type"": ""article"", ""og:url"": ""https://orrbiologicals.com/blog/spirulina-is-a-cyanobacterium"", ""og:image"": ""https://orrbiologicals.com/assets/og.png"", ""article:published_time"": ""2026-08-14"", ""twitter:card"": ""summary_large_image"", ""article:modified_time"": ""2026-10-04"", ""og:site_name"": ""Orr Biologicals"", ""twitter:title"": ""Spirulina Is a Cyanobacterium — What That Actually Means | Orr Biologicals"", ""twitter:description"": ""Arthrospira platensis is a photosynthetic bacterium, not an alga in the plant sense. What cyanobacteria are, and why it matters for cultivation."", ""twitter:image"": ""https://orrbiologicals.com/assets/og.png""}"
https://orrbiologicals.com/blog/troubleshooting-contamination-crashes,blog/troubleshooting-contamination-crashes.html,Troubleshooting Spirulina Contamination and Crashes | Orr Biologicals,Troubleshooting Spirulina Contamination and Crashes | Orr Biologicals,"Field-guide style troubleshooting for home Spirulina: spotting grazers and competitors early, using high pH defensively, and recovering a crashed culture.","Field-guide style troubleshooting for home Spirulina: spotting grazers and competitors early, using high pH defensively, and recovering a crashed culture.","[""Troubleshooting Spirulina Contamination and Crashes""]","[""Research context and limitations"", ""Source-linked reading"", ""Continue the topic"", ""Connect this guide to the wider research""]",Informational,Troubleshooting Spirulina Contamination and Crashes,"[""Research context and limitations"", ""Source-linked reading"", ""Continue the topic"", ""Connect this guide to the wider research""]",Learn / evaluate research concepts,Algaephyte,604,Editorial review required; word count is not a quality score,"[""https://orrbiologicals.com/"", ""https://orrbiologicals.com/blog/"", ""https://orrbiologicals.com/blog/troubleshooting-ph-and-carbon"", ""https://orrbiologicals.com/microalgae-cultivation/""]","[""https://orrbiologicals.com/"", ""https://orrbiologicals.com/#deploy"", ""https://orrbiologicals.com/#inside"", ""https://orrbiologicals.com/#products"", ""https://orrbiologicals.com/#system"", ""https://orrbiologicals.com/algaephyte/"", ""https://orrbiologicals.com/applications/"", ""https://orrbiologicals.com/blog/"", ""https://orrbiologicals.com/blog/#kb"", ""https://orrbiologicals.com/blog/harvesting-and-using-fresh-spirulina"", ""https://orrbiologicals.com/blog/how-to-start-home-spirulina-culture"", ""https://orrbiologicals.com/blog/troubleshooting-ph-and-carbon"", ""https://orrbiologicals.com/cyanoflow"", ""https://orrbiologicals.com/disclaimer"", ""https://orrbiologicals.com/game/"", ""https://orrbiologicals.com/glossary"", ""https://orrbiologicals.com/microalgae-cultivation/"", ""https://orrbiologicals.com/photobioreactors/"", ""https://orrbiologicals.com/privacy"", ""https://orrbiologicals.com/research/"", ""https://orrbiologicals.com/terms""]","[""https://pmc.ncbi.nlm.nih.gov/articles/PMC9368473/""]",https://orrbiologicals.com/blog/troubleshooting-contamination-crashes,"[""Article"", ""BreadcrumbList""]",[],[],Illustrations vs measurements must be labeled; no pixel review implied,"{""missing"": 0, ""empty"": 0}",indexable,Supporting,IMPROVE,1,[],"{"""": """", ""viewport"": ""width=device-width, initial-scale=1"", ""referrer"": ""strict-origin-when-cross-origin"", ""description"": ""Field-guide style troubleshooting for home Spirulina: spotting grazers and competitors early, using high pH defensively, and recovering a crashed culture."", ""og:title"": ""Troubleshooting Spirulina Contamination and Crashes | Orr Biologicals"", ""og:description"": ""Field-guide style troubleshooting for home Spirulina: spotting grazers and competitors early, using high pH defensively, and recovering a crashed culture."", ""og:type"": ""article"", ""og:url"": ""https://orrbiologicals.com/blog/troubleshooting-contamination-crashes"", ""og:image"": ""https://orrbiologicals.com/assets/og.png"", ""article:published_time"": ""2026-07-30"", ""twitter:card"": ""summary_large_image"", ""article:modified_time"": ""2026-10-04"", ""og:site_name"": ""Orr Biologicals"", ""twitter:title"": ""Troubleshooting Spirulina Contamination and Crashes | Orr Biologicals"", ""twitter:description"": ""Field-guide style troubleshooting for home Spirulina: spotting grazers and competitors early, using high pH defensively, and recovering a crashed culture."", ""twitter:image"": ""https://orrbiologicals.com/assets/og.png""}"
https://orrbiologicals.com/blog/troubleshooting-ph-and-carbon,blog/troubleshooting-ph-and-carbon.html,Troubleshooting pH and Carbon in Alkaline Culture | Orr Biologicals,Troubleshooting pH and Carbon in Alkaline Culture | Orr Biologicals,"Why pH climbs in a healthy Spirulina culture, when rising pH becomes carbon starvation, and how bicarbonate dosing restores both buffer and feed.","Why pH climbs in a healthy Spirulina culture, when rising pH becomes carbon starvation, and how bicarbonate dosing restores both buffer and feed.","[""Troubleshooting pH and Carbon in Alkaline Culture""]","[""Research context and limitations"", ""Source-linked reading"", ""Continue the topic"", ""Connect this guide to the wider research""]",Informational,Troubleshooting pH and Carbon in Alkaline Culture,"[""Research context and limitations"", ""Source-linked reading"", ""Continue the topic"", ""Connect this guide to the wider research""]",Learn / evaluate research concepts,Algaephyte,1215,Editorial review required; word count is not a quality score,"[""https://orrbiologicals.com/blog/"", ""https://orrbiologicals.com/blog/troubleshooting-contamination-crashes""]","[""https://orrbiologicals.com/"", ""https://orrbiologicals.com/#deploy"", ""https://orrbiologicals.com/#inside"", ""https://orrbiologicals.com/#products"", ""https://orrbiologicals.com/#system"", ""https://orrbiologicals.com/algaephyte/"", ""https://orrbiologicals.com/applications/"", ""https://orrbiologicals.com/blog/"", ""https://orrbiologicals.com/blog/#kb"", ""https://orrbiologicals.com/blog/harvesting-and-using-fresh-spirulina"", ""https://orrbiologicals.com/blog/how-to-start-home-spirulina-culture"", ""https://orrbiologicals.com/blog/troubleshooting-contamination-crashes"", ""https://orrbiologicals.com/cyanoflow"", ""https://orrbiologicals.com/disclaimer"", ""https://orrbiologicals.com/game/"", ""https://orrbiologicals.com/glossary"", ""https://orrbiologicals.com/microalgae-cultivation/"", ""https://orrbiologicals.com/photobioreactors/"", ""https://orrbiologicals.com/privacy"", ""https://orrbiologicals.com/research/"", ""https://orrbiologicals.com/terms""]","[""https://pmc.ncbi.nlm.nih.gov/articles/PMC9368473/""]",https://orrbiologicals.com/blog/troubleshooting-ph-and-carbon,"[""Article"", ""BreadcrumbList""]",[],[],Illustrations vs measurements must be labeled; no pixel review implied,"{""missing"": 0, ""empty"": 0}",indexable,Supporting,IMPROVE,1,[],"{"""": """", ""viewport"": ""width=device-width, initial-scale=1"", ""referrer"": ""strict-origin-when-cross-origin"", ""description"": ""Why pH climbs in a healthy Spirulina culture, when rising pH becomes carbon starvation, and how bicarbonate dosing restores both buffer and feed."", ""og:title"": ""Troubleshooting pH and Carbon in Alkaline Culture | Orr Biologicals"", ""og:description"": ""Why pH climbs in a healthy Spirulina culture, when rising pH becomes carbon starvation, and how bicarbonate dosing restores both buffer and feed."", ""og:type"": ""article"", ""og:url"": ""https://orrbiologicals.com/blog/troubleshooting-ph-and-carbon"", ""og:image"": ""https://orrbiologicals.com/assets/og.png"", ""article:published_time"": ""2026-08-02"", ""twitter:card"": ""summary_large_image"", ""article:modified_time"": ""2026-10-04"", ""og:site_name"": ""Orr Biologicals"", ""twitter:title"": ""Troubleshooting pH and Carbon in Alkaline Culture | Orr Biologicals"", ""twitter:description"": ""Why pH climbs in a healthy Spirulina culture, when rising pH becomes carbon starvation, and how bicarbonate dosing restores both buffer and feed."", ""twitter:image"": ""https://orrbiologicals.com/assets/og.png""}"
https://orrbiologicals.com/blog/vision-contamination-detection,blog/vision-contamination-detection.html,"Vision-Based Contamination Detection, Honestly | Orr Biologicals","Vision-Based Contamination Detection, Honestly | Orr Biologicals","What a microscope camera can and cannot classify: healthy helix vs fragment vs not-spirulina — flags that hold pumps, never ones that open them.","What a microscope camera can and cannot classify: healthy helix vs fragment vs not-spirulina — flags that hold pumps, never ones that open them.","[""Vision-Based Contamination Detection, Honestly""]","[""Research context and limitations"", ""Source-linked reading"", ""Continue the topic"", ""Connect this guide to the wider research""]",Informational,"Vision-Based Contamination Detection, Honestly","[""Research context and limitations"", ""Source-linked reading"", ""Continue the topic"", ""Connect this guide to the wider research""]",Learn / evaluate research concepts,Algaephyte,1435,Editorial review required; word count is not a quality score,"[""https://orrbiologicals.com/"", ""https://orrbiologicals.com/algaephyte/"", ""https://orrbiologicals.com/blog/"", ""https://orrbiologicals.com/blog/single-cell-microalgae-microfluidics"", ""https://orrbiologicals.com/cyanoflow"", ""https://orrbiologicals.com/glossary"", ""https://orrbiologicals.com/photobioreactors/"", ""https://orrbiologicals.com/research/""]","[""https://orrbiologicals.com/"", ""https://orrbiologicals.com/#deploy"", ""https://orrbiologicals.com/#inside"", ""https://orrbiologicals.com/#products"", ""https://orrbiologicals.com/#system"", ""https://orrbiologicals.com/algaephyte/"", ""https://orrbiologicals.com/applications/"", ""https://orrbiologicals.com/blog/"", ""https://orrbiologicals.com/blog/bounded-autonomy-safe-ai-proposals"", ""https://orrbiologicals.com/blog/control-loop-architecture"", ""https://orrbiologicals.com/blog/digital-twin-droop-steele-model"", ""https://orrbiologicals.com/blog/single-cell-microalgae-microfluidics"", ""https://orrbiologicals.com/cyanoflow"", ""https://orrbiologicals.com/disclaimer"", ""https://orrbiologicals.com/game/"", ""https://orrbiologicals.com/glossary"", ""https://orrbiologicals.com/privacy"", ""https://orrbiologicals.com/research/"", ""https://orrbiologicals.com/terms""]","[""https://pmc.ncbi.nlm.nih.gov/articles/PMC7467707/"", ""https://pmc.ncbi.nlm.nih.gov/articles/PMC9368473/""]",https://orrbiologicals.com/blog/vision-contamination-detection,"[""Article"", ""BreadcrumbList""]",[],[],Illustrations vs measurements must be labeled; no pixel review implied,"{""missing"": 0, ""empty"": 0}",indexable,Supporting,IMPROVE,1,[],"{"""": """", ""viewport"": ""width=device-width, initial-scale=1"", ""referrer"": ""strict-origin-when-cross-origin"", ""description"": ""What a microscope camera can and cannot classify: healthy helix vs fragment vs not-spirulina — flags that hold pumps, never ones that open them."", ""og:title"": ""Vision-Based Contamination Detection, Honestly | Orr Biologicals"", ""og:description"": ""What a microscope camera can and cannot classify: healthy helix vs fragment vs not-spirulina — flags that hold pumps, never ones that open them."", ""og:type"": ""article"", ""og:url"": ""https://orrbiologicals.com/blog/vision-contamination-detection"", ""og:image"": ""https://orrbiologicals.com/assets/og.png"", ""article:published_time"": ""2026-08-12"", ""twitter:card"": ""summary_large_image"", ""article:modified_time"": ""2026-10-04"", ""og:site_name"": ""Orr Biologicals"", ""twitter:title"": ""Vision-Based Contamination Detection, Honestly | Orr Biologicals"", ""twitter:description"": ""What a microscope camera can and cannot classify: healthy helix vs fragment vs not-spirulina — flags that hold pumps, never ones that open them."", ""twitter:image"": ""https://orrbiologicals.com/assets/og.png""}"
https://orrbiologicals.com/blog/what-is-main-plain-language,blog/what-is-main-plain-language.html,What Is Algaephyte? (Plain Language) | Orr Biologicals,What Is Algaephyte? (Plain Language) | Orr Biologicals,"No-jargon tour of an AI-tended photobioreactor: what it senses, how it decides, why every proposal passes gates, and what the human still owns.","No-jargon tour of an AI-tended photobioreactor: what it senses, how it decides, why every proposal passes gates, and what the human still owns.","[""What Is Algaephyte? (Plain Language)""]","[""Research context and limitations"", ""Source-linked reading"", ""Continue the topic"", ""Connect this guide to the wider research""]",Informational,What Is Algaephyte? (Plain Language),"[""Research context and limitations"", ""Source-linked reading"", ""Continue the topic"", ""Connect this guide to the wider research""]",Learn / evaluate research concepts,Algaephyte,1127,Editorial review required; word count is not a quality score,"[""https://orrbiologicals.com/blog/"", ""https://orrbiologicals.com/glossary""]","[""https://orrbiologicals.com/"", ""https://orrbiologicals.com/#deploy"", ""https://orrbiologicals.com/#inside"", ""https://orrbiologicals.com/#products"", ""https://orrbiologicals.com/#system"", ""https://orrbiologicals.com/algaephyte/"", ""https://orrbiologicals.com/applications/"", ""https://orrbiologicals.com/blog/"", ""https://orrbiologicals.com/blog/#kb"", ""https://orrbiologicals.com/blog/bounded-autonomy-safe-ai-proposals"", ""https://orrbiologicals.com/blog/control-loop-architecture"", ""https://orrbiologicals.com/blog/digital-twin-droop-steele-model"", ""https://orrbiologicals.com/cyanoflow"", ""https://orrbiologicals.com/disclaimer"", ""https://orrbiologicals.com/game/"", ""https://orrbiologicals.com/glossary"", ""https://orrbiologicals.com/microalgae-cultivation/"", ""https://orrbiologicals.com/photobioreactors/"", ""https://orrbiologicals.com/privacy"", ""https://orrbiologicals.com/research/"", ""https://orrbiologicals.com/terms""]","[""https://pmc.ncbi.nlm.nih.gov/articles/PMC9368473/""]",https://orrbiologicals.com/blog/what-is-main-plain-language,"[""Article"", ""BreadcrumbList""]",[],[],Illustrations vs measurements must be labeled; no pixel review implied,"{""missing"": 0, ""empty"": 0}",indexable,Supporting,IMPROVE,1,[],"{"""": """", ""viewport"": ""width=device-width, initial-scale=1"", ""referrer"": ""strict-origin-when-cross-origin"", ""description"": ""No-jargon tour of an AI-tended photobioreactor: what it senses, how it decides, why every proposal passes gates, and what the human still owns."", ""og:title"": ""What Is Algaephyte? (Plain Language) | Orr Biologicals"", ""og:description"": ""No-jargon tour of an AI-tended photobioreactor: what it senses, how it decides, why every proposal passes gates, and what the human still owns."", ""og:type"": ""article"", ""og:url"": ""https://orrbiologicals.com/blog/what-is-main-plain-language"", ""og:image"": ""https://orrbiologicals.com/assets/og.png"", ""article:published_time"": ""2026-08-04"", ""twitter:card"": ""summary_large_image"", ""article:modified_time"": ""2026-10-04"", ""og:site_name"": ""Orr Biologicals"", ""twitter:title"": ""What Is Algaephyte? (Plain Language) | Orr Biologicals"", ""twitter:description"": ""No-jargon tour of an AI-tended photobioreactor: what it senses, how it decides, why every proposal passes gates, and what the human still owns."", ""twitter:image"": ""https://orrbiologicals.com/assets/og.png""}"
https://orrbiologicals.com/blog/winter-home-growing-warmth,blog/winter-home-growing-warmth.html,Keeping a Home Spirulina Culture Warm Through Winter | Orr Biologicals,Keeping a Home Spirulina Culture Warm Through Winter | Orr Biologicals,"Heaters, insulation and placement strategy for keeping Spirulina in its 30–37°C comfort band through cold months — warmth before anything else.","Heaters, insulation and placement strategy for keeping Spirulina in its 30–37°C comfort band through cold months — warmth before anything else.","[""Keeping a Home Spirulina Culture Warm Through Winter""]","[""Research context and limitations"", ""Source-linked reading"", ""Continue the topic"", ""Connect this guide to the wider research""]",Informational,Keeping a Home Spirulina Culture Warm Through Winter,"[""Research context and limitations"", ""Source-linked reading"", ""Continue the topic"", ""Connect this guide to the wider research""]",Learn / evaluate research concepts,Algaephyte,1343,Editorial review required; word count is not a quality score,"[""https://orrbiologicals.com/blog/"", ""https://orrbiologicals.com/blog/reading-your-culture"", ""https://orrbiologicals.com/microalgae-cultivation/""]","[""https://orrbiologicals.com/"", ""https://orrbiologicals.com/#deploy"", ""https://orrbiologicals.com/#inside"", ""https://orrbiologicals.com/#products"", ""https://orrbiologicals.com/#system"", ""https://orrbiologicals.com/algaephyte/"", ""https://orrbiologicals.com/applications/"", ""https://orrbiologicals.com/blog/"", ""https://orrbiologicals.com/blog/#kb"", ""https://orrbiologicals.com/blog/alkalinity-as-a-control-variable"", ""https://orrbiologicals.com/blog/digital-twin-droop-steele-model"", ""https://orrbiologicals.com/blog/how-to-start-home-spirulina-culture"", ""https://orrbiologicals.com/blog/reading-your-culture"", ""https://orrbiologicals.com/cyanoflow"", ""https://orrbiologicals.com/disclaimer"", ""https://orrbiologicals.com/game/"", ""https://orrbiologicals.com/glossary"", ""https://orrbiologicals.com/microalgae-cultivation/"", ""https://orrbiologicals.com/photobioreactors/"", ""https://orrbiologicals.com/privacy"", ""https://orrbiologicals.com/research/"", ""https://orrbiologicals.com/terms""]","[""https://pmc.ncbi.nlm.nih.gov/articles/PMC9368473/""]",https://orrbiologicals.com/blog/winter-home-growing-warmth,"[""Article"", ""BreadcrumbList""]",[],[],Illustrations vs measurements must be labeled; no pixel review implied,"{""missing"": 0, ""empty"": 0}",indexable,Supporting,IMPROVE,1,[],"{"""": """", ""viewport"": ""width=device-width, initial-scale=1"", ""referrer"": ""strict-origin-when-cross-origin"", ""description"": ""Heaters, insulation and placement strategy for keeping Spirulina in its 30–37°C comfort band through cold months — warmth before anything else."", ""og:title"": ""Keeping a Home Spirulina Culture Warm Through Winter | Orr Biologicals"", ""og:description"": ""Heaters, insulation and placement strategy for keeping Spirulina in its 30–37°C comfort band through cold months — warmth before anything else."", ""og:type"": ""article"", ""og:url"": ""https://orrbiologicals.com/blog/winter-home-growing-warmth"", ""og:image"": ""https://orrbiologicals.com/assets/og.png"", ""article:published_time"": ""2026-07-05"", ""twitter:card"": ""summary_large_image"", ""article:modified_time"": ""2026-10-04"", ""og:site_name"": ""Orr Biologicals"", ""twitter:title"": ""Keeping a Home Spirulina Culture Warm Through Winter | Orr Biologicals"", ""twitter:description"": ""Heaters, insulation and placement strategy for keeping Spirulina in its 30–37°C comfort band through cold months — warmth before anything else."", ""twitter:image"": ""https://orrbiologicals.com/assets/og.png""}"
https://orrbiologicals.com/blog/zarrouk-medium-and-nutrients,blog/zarrouk-medium-and-nutrients.html,Zarrouk Medium and Nutrients: Feeding a Spirulina Culture | Orr Biologicals,Zarrouk Medium and Nutrients: Feeding a Spirulina Culture | Orr Biologicals,"The chemistry behind Zarrouk medium for Arthrospira: bicarbonate, nitrate, phosphate, trace metals — and why a pale culture is usually a hungry one.","The chemistry behind Zarrouk medium for Arthrospira: bicarbonate, nitrate, phosphate, trace metals — and why a pale culture is usually a hungry one.","[""Zarrouk Medium and Nutrients: Feeding a Spirulina Culture""]","[""Research context and limitations"", ""Source-linked reading"", ""Continue the topic"", ""Connect this guide to the wider research""]",Informational,Zarrouk Medium and Nutrients: Feeding a Spirulina Culture,"[""Research context and limitations"", ""Source-linked reading"", ""Continue the topic"", ""Connect this guide to the wider research""]",Learn / evaluate research concepts,Algaephyte,568,Editorial review required; word count is not a quality score,"[""https://orrbiologicals.com/blog/"", ""https://orrbiologicals.com/blog/harvesting-and-using-fresh-spirulina"", ""https://orrbiologicals.com/blog/how-to-start-home-spirulina-culture"", ""https://orrbiologicals.com/blog/light-temperature-mixing"", ""https://orrbiologicals.com/blog/spirulina-is-a-cyanobacterium"", ""https://orrbiologicals.com/microalgae-cultivation/"", ""https://orrbiologicals.com/research/""]","[""https://orrbiologicals.com/"", ""https://orrbiologicals.com/#deploy"", ""https://orrbiologicals.com/#inside"", ""https://orrbiologicals.com/#products"", ""https://orrbiologicals.com/#system"", ""https://orrbiologicals.com/algaephyte/"", ""https://orrbiologicals.com/applications/"", ""https://orrbiologicals.com/blog/"", ""https://orrbiologicals.com/blog/#kb"", ""https://orrbiologicals.com/blog/harvesting-and-using-fresh-spirulina"", ""https://orrbiologicals.com/blog/how-to-start-home-spirulina-culture"", ""https://orrbiologicals.com/blog/light-temperature-mixing"", ""https://orrbiologicals.com/cyanoflow"", ""https://orrbiologicals.com/disclaimer"", ""https://orrbiologicals.com/game/"", ""https://orrbiologicals.com/glossary"", ""https://orrbiologicals.com/microalgae-cultivation/"", ""https://orrbiologicals.com/photobioreactors/"", ""https://orrbiologicals.com/privacy"", ""https://orrbiologicals.com/research/"", ""https://orrbiologicals.com/terms""]","[""https://pmc.ncbi.nlm.nih.gov/articles/PMC9368473/""]",https://orrbiologicals.com/blog/zarrouk-medium-and-nutrients,"[""Article"", ""BreadcrumbList""]",[],[],Illustrations vs measurements must be labeled; no pixel review implied,"{""missing"": 0, ""empty"": 0}",indexable,Supporting,IMPROVE,1,[],"{"""": """", ""viewport"": ""width=device-width, initial-scale=1"", ""referrer"": ""strict-origin-when-cross-origin"", ""description"": ""The chemistry behind Zarrouk medium for Arthrospira: bicarbonate, nitrate, phosphate, trace metals — and why a pale culture is usually a hungry one."", ""og:title"": ""Zarrouk Medium and Nutrients: Feeding a Spirulina Culture | Orr Biologicals"", ""og:description"": ""The chemistry behind Zarrouk medium for Arthrospira: bicarbonate, nitrate, phosphate, trace metals — and why a pale culture is usually a hungry one."", ""og:type"": ""article"", ""og:url"": ""https://orrbiologicals.com/blog/zarrouk-medium-and-nutrients"", ""og:image"": ""https://orrbiologicals.com/assets/og.png"", ""article:published_time"": ""2026-07-16"", ""twitter:card"": ""summary_large_image"", ""article:modified_time"": ""2026-10-04"", ""og:site_name"": ""Orr Biologicals"", ""twitter:title"": ""Zarrouk Medium and Nutrients: Feeding a Spirulina Culture | Orr Biologicals"", ""twitter:description"": ""The chemistry behind Zarrouk medium for Arthrospira: bicarbonate, nitrate, phosphate, trace metals — and why a pale culture is usually a hungry one."", ""twitter:image"": ""https://orrbiologicals.com/assets/og.png""}"
https://orrbiologicals.com/cyanoflow,cyanoflow.html,Single-Cell Microalgae Research with Microfluidics | Cyanoflow,Single-Cell Microalgae Research with Microfluidics | Cyanoflow,"Cyanoflow is a developing research platform by Orr Biologicals that combines microfluidics, automated microscopy, computer vision and AI to isolate, observe, measure and identify individual microalgal cells.","Cyanoflow is a developing research platform by Orr Biologicals that combines microfluidics, automated microscopy, computer vision and AI to isolate, observe, measure and identify individual microalgal cells.","[""CyanoflowSingle-cell microalgae research""]","[""Single-cell methods: evidence before candidate claims"", ""From a drop of culture to a ranked list of individual cells"", ""Define what \""interesting\"" means, then measure how well the rule performs"", ""Every cell becomes a record — and the records become the asset"", ""One instrument, seven subsystems, two outputs"", ""A high-throughput biological discovery engine"", ""Research status."", ""How we think, in writing."", ""Discover what the population average hides.""]",Informational,CyanoflowSingle-cell microalgae research,"[""Single-cell methods: evidence before candidate claims"", ""From a drop of culture to a ranked list of individual cells"", ""Define what \""interesting\"" means, then measure how well the rule performs"", ""Every cell becomes a record — and the records become the asset"", ""One instrument, seven subsystems, two outputs"", ""A high-throughput biological discovery engine"", ""Research status."", ""How we think, in writing."", ""Discover what the population average hides.""]",Learn / evaluate research concepts,Cyanoflow,1574,Editorial review required; word count is not a quality score,"[""https://orrbiologicals.com/"", ""https://orrbiologicals.com/404"", ""https://orrbiologicals.com/algae-biotechnology/"", ""https://orrbiologicals.com/algaephyte/"", ""https://orrbiologicals.com/applications/"", ""https://orrbiologicals.com/applications/algae-rations-for-bivalve-larvae"", ""https://orrbiologicals.com/applications/best-microalgae-for-copepod-culture"", ""https://orrbiologicals.com/applications/how-to-feed-copepods"", ""https://orrbiologicals.com/applications/how-to-grow-a-microalgae-culture"", ""https://orrbiologicals.com/applications/how-to-scale-a-microalgae-culture"", ""https://orrbiologicals.com/applications/how-to-start-a-phytoplankton-culture"", ""https://orrbiologicals.com/applications/microalgae-for-marine-fish-larvae"", ""https://orrbiologicals.com/applications/microalgal-biotechnology"", ""https://orrbiologicals.com/applications/pavlova-vs-isochrysis"", ""https://orrbiologicals.com/applications/phytoplankton-aquaculture-food-webs"", ""https://orrbiologicals.com/applications/prevent-contamination-microalgae-cultures"", ""https://orrbiologicals.com/applications/species/arthrospira"", ""https://orrbiologicals.com/applications/species/chaetoceros"", ""https://orrbiologicals.com/applications/species/chlorella"", ""https://orrbiologicals.com/applications/species/dunaliella"", ""https://orrbiologicals.com/applications/species/haematococcus"", ""https://orrbiologicals.com/applications/species/isochrysis-tisochrysis"", ""https://orrbiologicals.com/applications/species/nannochloropsis"", ""https://orrbiologicals.com/applications/species/pavlova"", ""https://orrbiologicals.com/applications/species/phaeodactylum"", ""https://orrbiologicals.com/applications/species/tetraselmis"", ""https://orrbiologicals.com/applications/why-isochrysis-matters-aquaculture"", ""https://orrbiologicals.com/blog/"", ""https://orrbiologicals.com/blog/alkalinity-as-a-control-variable"", ""https://orrbiologicals.com/blog/bounded-autonomy-safe-ai-proposals"", ""https://orrbiologicals.com/blog/control-loop-architecture"", ""https://orrbiologicals.com/blog/digital-twin-droop-steele-model"", ""https://orrbiologicals.com/blog/digital-twins-biological-cultivation"", ""https://orrbiologicals.com/blog/dissolved-oxygen-stress-signal"", ""https://orrbiologicals.com/blog/edge-ai-biological-systems"", ""https://orrbiologicals.com/blog/federated-learning-network"", ""https://orrbiologicals.com/blog/harvesting-and-using-fresh-spirulina"", ""https://orrbiologicals.com/blog/how-main-keeps-culture-safe"", ""https://orrbiologicals.com/blog/how-to-start-home-spirulina-culture"", ""https://orrbiologicals.com/blog/light-temperature-mixing"", ""https://orrbiologicals.com/blog/photobioreactor-ai-optimization"", ""https://orrbiologicals.com/blog/reading-your-culture"", ""https://orrbiologicals.com/blog/single-cell-microalgae-microfluidics"", ""https://orrbiologicals.com/blog/six-culture-signals-main-senses"", ""https://orrbiologicals.com/blog/spirulina-is-a-cyanobacterium"", ""https://orrbiologicals.com/blog/troubleshooting-contamination-crashes"", ""https://orrbiologicals.com/blog/troubleshooting-ph-and-carbon"", ""https://orrbiologicals.com/blog/vision-contamination-detection"", ""https://orrbiologicals.com/blog/what-is-main-plain-language"", ""https://orrbiologicals.com/blog/winter-home-growing-warmth"", ""https://orrbiologicals.com/blog/zarrouk-medium-and-nutrients"", ""https://orrbiologicals.com/disclaimer"", ""https://orrbiologicals.com/game/"", ""https://orrbiologicals.com/glossary"", ""https://orrbiologicals.com/microalgae-cultivation/"", ""https://orrbiologicals.com/photobioreactors/"", ""https://orrbiologicals.com/privacy"", ""https://orrbiologicals.com/research/"", ""https://orrbiologicals.com/terms""]","[""https://orrbiologicals.com/"", ""https://orrbiologicals.com/#deploy"", ""https://orrbiologicals.com/#inside"", ""https://orrbiologicals.com/#products"", ""https://orrbiologicals.com/applications/"", ""https://orrbiologicals.com/blog/"", ""https://orrbiologicals.com/blog/edge-ai-biological-systems"", ""https://orrbiologicals.com/blog/single-cell-microalgae-microfluidics"", ""https://orrbiologicals.com/blog/vision-contamination-detection"", ""https://orrbiologicals.com/cyanoflow"", ""https://orrbiologicals.com/cyanoflow#architecture"", ""https://orrbiologicals.com/cyanoflow#database"", ""https://orrbiologicals.com/cyanoflow#explorer"", ""https://orrbiologicals.com/cyanoflow#main"", ""https://orrbiologicals.com/cyanoflow#pipeline"", ""https://orrbiologicals.com/cyanoflow#vision"", ""https://orrbiologicals.com/disclaimer"", ""https://orrbiologicals.com/game/"", ""https://orrbiologicals.com/glossary"", ""https://orrbiologicals.com/privacy"", ""https://orrbiologicals.com/research/"", ""https://orrbiologicals.com/terms""]","[""https://pmc.ncbi.nlm.nih.gov/articles/PMC7467707/""]",https://orrbiologicals.com/cyanoflow,"[""WebPage"", ""CreativeWork"", ""BreadcrumbList""]",[],"[{""src"": ""/assets/cyano/culture.jpg"", ""alt"": ""Microalgae culture flasks"", ""loading"": ""lazy"", ""width"": ""1536"", ""height"": ""1024""}, {""src"": ""/assets/cyano/chip.jpg"", ""alt"": ""Microfluidic chip"", ""loading"": ""lazy"", ""width"": ""1536"", ""height"": ""1024""}, {""src"": ""/assets/cyano/microscope.jpg"", ""alt"": ""Automated microscope"", ""loading"": ""lazy"", ""width"": ""1086"", ""height"": ""1448""}, {""src"": ""/assets/cyano/culture.jpg"", ""alt"": ""Microalgae culture flasks under grow light"", ""loading"": ""lazy"", ""width"": ""1536"", ""height"": ""1024""}, {""src"": ""/assets/cyano/chip.jpg"", ""alt"": ""Transparent microfluidic droplet-generation chip"", ""loading"": ""lazy"", ""style"": ""height:160px"", ""width"": ""1536"", ""height"": ""1024""}, {""src"": ""/assets/cyano/microscope.jpg"", ""alt"": ""Inverted microscope with scientific camera imaging a chip"", ""loading"": ""lazy"", ""style"": ""height:144px"", ""width"": ""1086"", ""height"": ""1448""}, {""src"": ""/assets/cyano/recovery.jpg"", ""alt"": ""Automated droplet dispensing into a microplate well"", ""loading"": ""lazy"", ""style"": ""height:144px"", ""width"": ""1536"", ""height"": ""1024""}, {""src"": ""/assets/cyano/hero-field.jpg"", ""alt"": ""Microalgae cells under dark-field microscopy"", ""loading"": ""lazy"", ""width"": ""1536"", ""height"": ""1024""}, {""src"": ""/assets/cyano/bioreactor.jpg"", ""alt"": ""Tubular photobioreactor columns with algae culture"", ""loading"": ""lazy"", ""width"": ""1024"", ""height"": ""1536""}]",Illustrations vs measurements must be labeled; no pixel review implied,"{""missing"": 0, ""empty"": 0}",indexable,High,KEEP,1,[],"{"""": """", ""viewport"": ""width=device-width, initial-scale=1"", ""referrer"": ""strict-origin-when-cross-origin"", ""description"": ""Cyanoflow is a developing research platform by Orr Biologicals that combines microfluidics, automated microscopy, computer vision and AI to isolate, observe, measure and identify individual microalgal cells."", ""og:type"": ""website"", ""og:title"": ""Single-Cell Microalgae Research with Microfluidics | Cyanoflow"", ""og:description"": ""Cyanoflow is a developing research platform by Orr Biologicals that combines microfluidics, automated microscopy, computer vision and AI to isolate, observe, measure and identify individual microalgal cells."", ""og:url"": ""https://orrbiologicals.com/cyanoflow"", ""og:site_name"": ""Orr Biologicals"", ""og:image"": ""https://orrbiologicals.com/assets/og.png"", ""twitter:card"": ""summary_large_image"", ""twitter:image"": ""https://orrbiologicals.com/assets/og.png"", ""theme-color"": ""#faf6ec"", ""twitter:title"": ""Single-Cell Microalgae Research with Microfluidics | Cyanoflow"", ""twitter:description"": ""Cyanoflow is a developing research platform by Orr Biologicals that combines microfluidics, automated microscopy, computer vision and AI to isolate, observe, measure and identify individual microalgal cells.""}"
https://orrbiologicals.com/disclaimer,disclaimer.html,Scientific Disclaimer | Orr Biologicals,Scientific Disclaimer | Orr Biologicals,Orr Biologicals content is educational; cultivation and health claims are contextualized honestly.,Orr Biologicals content is educational; cultivation and health claims are contextualized honestly.,"[""Disclaimer""]","[""Current project status"", ""Educational information only, not professional advice"", ""You grow and consume at your own risk"", ""Food safety is your responsibility"", ""No medical or health claims"", ""Electrical, water, and equipment safety"", ""Algaephyte and Algaephyte Mesh are experimental and provided as is"", ""About the operator"", ""Your responsibility to follow local laws"", ""Limitation of liability and acceptance"", ""Questions""]",Navigational / educational,Disclaimer,"[""Current project status"", ""Educational information only, not professional advice"", ""You grow and consume at your own risk"", ""Food safety is your responsibility"", ""No medical or health claims"", ""Electrical, water, and equipment safety"", ""Algaephyte and Algaephyte Mesh are experimental and provided as is"", ""About the operator"", ""Your responsibility to follow local laws"", ""Limitation of liability and acceptance"", ""Questions""]",Learn / evaluate research concepts,Site,1071,Editorial review required; word count is not a quality score,"[""https://orrbiologicals.com/"", ""https://orrbiologicals.com/algaephyte/"", ""https://orrbiologicals.com/applications/"", ""https://orrbiologicals.com/applications/algae-rations-for-bivalve-larvae"", ""https://orrbiologicals.com/applications/best-microalgae-for-copepod-culture"", ""https://orrbiologicals.com/applications/how-to-feed-copepods"", ""https://orrbiologicals.com/applications/how-to-grow-a-microalgae-culture"", ""https://orrbiologicals.com/applications/how-to-scale-a-microalgae-culture"", ""https://orrbiologicals.com/applications/how-to-start-a-phytoplankton-culture"", ""https://orrbiologicals.com/applications/microalgae-for-marine-fish-larvae"", ""https://orrbiologicals.com/applications/microalgal-biotechnology"", ""https://orrbiologicals.com/applications/pavlova-vs-isochrysis"", ""https://orrbiologicals.com/applications/phytoplankton-aquaculture-food-webs"", ""https://orrbiologicals.com/applications/prevent-contamination-microalgae-cultures"", ""https://orrbiologicals.com/applications/species/arthrospira"", ""https://orrbiologicals.com/applications/species/chaetoceros"", ""https://orrbiologicals.com/applications/species/chlorella"", ""https://orrbiologicals.com/applications/species/dunaliella"", ""https://orrbiologicals.com/applications/species/haematococcus"", ""https://orrbiologicals.com/applications/species/isochrysis-tisochrysis"", ""https://orrbiologicals.com/applications/species/nannochloropsis"", ""https://orrbiologicals.com/applications/species/pavlova"", ""https://orrbiologicals.com/applications/species/phaeodactylum"", ""https://orrbiologicals.com/applications/species/tetraselmis"", ""https://orrbiologicals.com/applications/why-isochrysis-matters-aquaculture"", ""https://orrbiologicals.com/blog/alkalinity-as-a-control-variable"", ""https://orrbiologicals.com/blog/bounded-autonomy-safe-ai-proposals"", ""https://orrbiologicals.com/blog/control-loop-architecture"", ""https://orrbiologicals.com/blog/digital-twin-droop-steele-model"", ""https://orrbiologicals.com/blog/digital-twins-biological-cultivation"", ""https://orrbiologicals.com/blog/dissolved-oxygen-stress-signal"", ""https://orrbiologicals.com/blog/edge-ai-biological-systems"", ""https://orrbiologicals.com/blog/federated-learning-network"", ""https://orrbiologicals.com/blog/harvesting-and-using-fresh-spirulina"", ""https://orrbiologicals.com/blog/how-main-keeps-culture-safe"", ""https://orrbiologicals.com/blog/how-to-start-home-spirulina-culture"", ""https://orrbiologicals.com/blog/light-temperature-mixing"", ""https://orrbiologicals.com/blog/photobioreactor-ai-optimization"", ""https://orrbiologicals.com/blog/reading-your-culture"", ""https://orrbiologicals.com/blog/six-culture-signals-main-senses"", ""https://orrbiologicals.com/blog/spirulina-is-a-cyanobacterium"", ""https://orrbiologicals.com/blog/troubleshooting-contamination-crashes"", ""https://orrbiologicals.com/blog/troubleshooting-ph-and-carbon"", ""https://orrbiologicals.com/blog/vision-contamination-detection"", ""https://orrbiologicals.com/blog/what-is-main-plain-language"", ""https://orrbiologicals.com/blog/winter-home-growing-warmth"", ""https://orrbiologicals.com/blog/zarrouk-medium-and-nutrients"", ""https://orrbiologicals.com/cyanoflow"", ""https://orrbiologicals.com/microalgae-cultivation/"", ""https://orrbiologicals.com/privacy"", ""https://orrbiologicals.com/research/"", ""https://orrbiologicals.com/terms""]","[""https://orrbiologicals.com/"", ""https://orrbiologicals.com/#deploy"", ""https://orrbiologicals.com/#inside"", ""https://orrbiologicals.com/#products"", ""https://orrbiologicals.com/applications/"", ""https://orrbiologicals.com/blog/"", ""https://orrbiologicals.com/cyanoflow"", ""https://orrbiologicals.com/game/"", ""https://orrbiologicals.com/privacy"", ""https://orrbiologicals.com/terms""]",[],https://orrbiologicals.com/disclaimer,[],[],[],Illustrations vs measurements must be labeled; no pixel review implied,"{""missing"": 0, ""empty"": 0}",indexable,Supporting,KEEP,1,[],"{"""": """", ""viewport"": ""width=device-width, initial-scale=1"", ""referrer"": ""strict-origin-when-cross-origin"", ""description"": ""Orr Biologicals content is educational; cultivation and health claims are contextualized honestly."", ""og:title"": ""Scientific Disclaimer | Orr Biologicals"", ""og:description"": ""Orr Biologicals content is educational; cultivation and health claims are contextualized honestly."", ""og:type"": ""website"", ""og:url"": ""https://orrbiologicals.com/disclaimer"", ""og:image"": ""https://orrbiologicals.com/assets/og.png"", ""og:site_name"": ""Orr Biologicals"", ""og:locale"": ""en_US"", ""twitter:card"": ""summary_large_image"", ""twitter:title"": ""Scientific Disclaimer | Orr Biologicals"", ""twitter:description"": ""Orr Biologicals content is educational; cultivation and health claims are contextualized honestly."", ""twitter:image"": ""https://orrbiologicals.com/assets/og.png""}"
https://orrbiologicals.com/game/,game/index.html,Algae Living — Grow. Evolve. Survive. | Orr Biologicals,Algae Living — Grow. Evolve. Survive. | Orr Biologicals,"Algae Living: start as one Spirulina cell inside a photobioreactor. Forage light, evolve your lineage, build a colony, defend against bacteria and operate the whole reactor. A free browser game by Orr Biologicals.","Algae Living: start as one Spirulina cell inside a photobioreactor. Forage light, evolve your lineage, build a colony, defend against bacteria and operate the whole reactor. A free browser game by Orr Biologicals.","[""ALGAELIVING"", ""Algae Living""]","[""Welcome to yourwarm little world"", ""The microscopic world"", ""Evolve"", ""Build your living colony"", ""Not everything is your friend"", ""Your living reactor"", ""Build the perfect reactor"", ""The column is waiting.""]",Navigational / educational,ALGAELIVING,"[""Welcome to yourwarm little world"", ""The microscopic world"", ""Evolve"", ""Build your living colony"", ""Not everything is your friend"", ""Your living reactor"", ""Build the perfect reactor"", ""The column is waiting.""]",Learn / evaluate research concepts,Site,610,Editorial review required; word count is not a quality score,"[""https://orrbiologicals.com/"", ""https://orrbiologicals.com/404"", ""https://orrbiologicals.com/algae-biotechnology/"", ""https://orrbiologicals.com/algaephyte/"", ""https://orrbiologicals.com/applications/"", ""https://orrbiologicals.com/applications/algae-rations-for-bivalve-larvae"", ""https://orrbiologicals.com/applications/best-microalgae-for-copepod-culture"", ""https://orrbiologicals.com/applications/how-to-feed-copepods"", ""https://orrbiologicals.com/applications/how-to-grow-a-microalgae-culture"", ""https://orrbiologicals.com/applications/how-to-scale-a-microalgae-culture"", ""https://orrbiologicals.com/applications/how-to-start-a-phytoplankton-culture"", ""https://orrbiologicals.com/applications/microalgae-for-marine-fish-larvae"", ""https://orrbiologicals.com/applications/microalgal-biotechnology"", ""https://orrbiologicals.com/applications/pavlova-vs-isochrysis"", ""https://orrbiologicals.com/applications/phytoplankton-aquaculture-food-webs"", ""https://orrbiologicals.com/applications/prevent-contamination-microalgae-cultures"", ""https://orrbiologicals.com/applications/species/arthrospira"", ""https://orrbiologicals.com/applications/species/chaetoceros"", ""https://orrbiologicals.com/applications/species/chlorella"", ""https://orrbiologicals.com/applications/species/dunaliella"", ""https://orrbiologicals.com/applications/species/haematococcus"", ""https://orrbiologicals.com/applications/species/isochrysis-tisochrysis"", ""https://orrbiologicals.com/applications/species/nannochloropsis"", ""https://orrbiologicals.com/applications/species/pavlova"", ""https://orrbiologicals.com/applications/species/phaeodactylum"", ""https://orrbiologicals.com/applications/species/tetraselmis"", ""https://orrbiologicals.com/applications/why-isochrysis-matters-aquaculture"", ""https://orrbiologicals.com/blog/"", ""https://orrbiologicals.com/blog/alkalinity-as-a-control-variable"", ""https://orrbiologicals.com/blog/bounded-autonomy-safe-ai-proposals"", ""https://orrbiologicals.com/blog/control-loop-architecture"", ""https://orrbiologicals.com/blog/digital-twin-droop-steele-model"", ""https://orrbiologicals.com/blog/digital-twins-biological-cultivation"", ""https://orrbiologicals.com/blog/dissolved-oxygen-stress-signal"", ""https://orrbiologicals.com/blog/edge-ai-biological-systems"", ""https://orrbiologicals.com/blog/federated-learning-network"", ""https://orrbiologicals.com/blog/harvesting-and-using-fresh-spirulina"", ""https://orrbiologicals.com/blog/how-main-keeps-culture-safe"", ""https://orrbiologicals.com/blog/how-to-start-home-spirulina-culture"", ""https://orrbiologicals.com/blog/light-temperature-mixing"", ""https://orrbiologicals.com/blog/photobioreactor-ai-optimization"", ""https://orrbiologicals.com/blog/reading-your-culture"", ""https://orrbiologicals.com/blog/single-cell-microalgae-microfluidics"", ""https://orrbiologicals.com/blog/six-culture-signals-main-senses"", ""https://orrbiologicals.com/blog/spirulina-is-a-cyanobacterium"", ""https://orrbiologicals.com/blog/troubleshooting-contamination-crashes"", ""https://orrbiologicals.com/blog/troubleshooting-ph-and-carbon"", ""https://orrbiologicals.com/blog/vision-contamination-detection"", ""https://orrbiologicals.com/blog/what-is-main-plain-language"", ""https://orrbiologicals.com/blog/winter-home-growing-warmth"", ""https://orrbiologicals.com/blog/zarrouk-medium-and-nutrients"", ""https://orrbiologicals.com/cyanoflow"", ""https://orrbiologicals.com/disclaimer"", ""https://orrbiologicals.com/glossary"", ""https://orrbiologicals.com/microalgae-cultivation/"", ""https://orrbiologicals.com/photobioreactors/"", ""https://orrbiologicals.com/privacy"", ""https://orrbiologicals.com/research/"", ""https://orrbiologicals.com/terms""]","[""https://orrbiologicals.com/"", ""https://orrbiologicals.com/#deploy"", ""https://orrbiologicals.com/#inside"", ""https://orrbiologicals.com/#products"", ""https://orrbiologicals.com/LICENSE"", ""https://orrbiologicals.com/applications/"", ""https://orrbiologicals.com/blog/"", ""https://orrbiologicals.com/cyanoflow"", ""https://orrbiologicals.com/game/"", ""https://orrbiologicals.com/game/#bacteria"", ""https://orrbiologicals.com/game/#colony"", ""https://orrbiologicals.com/game/#evolve"", ""https://orrbiologicals.com/game/#home"", ""https://orrbiologicals.com/game/#play"", ""https://orrbiologicals.com/game/#reactor"", ""https://orrbiologicals.com/game/#start-here"", ""https://orrbiologicals.com/game/#tycoon"", ""https://orrbiologicals.com/game/#world"", ""https://orrbiologicals.com/privacy"", ""https://orrbiologicals.com/terms""]",[],https://orrbiologicals.com/game/,"[""VideoGame""]",[],[],Illustrations vs measurements must be labeled; no pixel review implied,"{""missing"": 0, ""empty"": 0}",noindex,High,NOINDEX,2,[],"{"""": """", ""viewport"": ""width=device-width, initial-scale=1, viewport-fit=cover"", ""referrer"": ""strict-origin-when-cross-origin"", ""description"": ""Algae Living: start as one Spirulina cell inside a photobioreactor. Forage light, evolve your lineage, build a colony, defend against bacteria and operate the whole reactor. A free browser game by Orr Biologicals."", ""robots"": ""noindex"", ""og:title"": ""Algae Living — Grow. Evolve. Survive."", ""og:description"": ""Start as one cell. End operating an ecosystem. A biological survival-and-tycoon game set inside a real photobioreactor."", ""og:type"": ""website"", ""og:url"": ""https://orrbiologicals.com/game/"", ""og:image"": ""https://orrbiologicals.com/assets/og.png"", ""twitter:card"": ""summary_large_image""}"
https://orrbiologicals.com/glossary,glossary.html,"Algae Biotechnology Glossary: Models, Sensors & Cells | Orr Biologicals","Algae Biotechnology Glossary: Models, Sensors & Cells | Orr Biologicals","Understand microalgae, cyanobacteria, optical density, photobioreactors, digital twins, microfluidics and phenotyping, with limitations and deeper reading.","Understand microalgae, cyanobacteria, optical density, photobioreactors, digital twins, microfluidics and phenotyping, with limitations and deeper reading.","[""Algae biotechnology glossary""]","[""Cyanobacteria"", ""Microalgae"", ""Arthrospira and Spirulina"", ""Photobioreactor"", ""Optical density"", ""Dissolved oxygen"", ""Photoinhibition"", ""Beer–Lambert attenuation"", ""Droop model"", ""Digital twin"", ""Microfluidics"", ""Phenotyping"", ""Single-cell analysis"", ""Machine vision"", ""Sources and scope""]",Navigational / educational,Algae biotechnology glossary,"[""Cyanobacteria"", ""Microalgae"", ""Arthrospira and Spirulina"", ""Photobioreactor"", ""Optical density"", ""Dissolved oxygen"", ""Photoinhibition"", ""Beer–Lambert attenuation"", ""Droop model"", ""Digital twin"", ""Microfluidics"", ""Phenotyping"", ""Single-cell analysis"", ""Machine vision"", ""Sources and scope""]",Learn / evaluate research concepts,Site,722,Editorial review required; word count is not a quality score,"[""https://orrbiologicals.com/algae-biotechnology/"", ""https://orrbiologicals.com/algaephyte/"", ""https://orrbiologicals.com/applications/"", ""https://orrbiologicals.com/applications/algae-rations-for-bivalve-larvae"", ""https://orrbiologicals.com/applications/best-microalgae-for-copepod-culture"", ""https://orrbiologicals.com/applications/how-to-feed-copepods"", ""https://orrbiologicals.com/applications/how-to-grow-a-microalgae-culture"", ""https://orrbiologicals.com/applications/how-to-scale-a-microalgae-culture"", ""https://orrbiologicals.com/applications/how-to-start-a-phytoplankton-culture"", ""https://orrbiologicals.com/applications/microalgae-for-marine-fish-larvae"", ""https://orrbiologicals.com/applications/microalgal-biotechnology"", ""https://orrbiologicals.com/applications/pavlova-vs-isochrysis"", ""https://orrbiologicals.com/applications/phytoplankton-aquaculture-food-webs"", ""https://orrbiologicals.com/applications/prevent-contamination-microalgae-cultures"", ""https://orrbiologicals.com/applications/species/arthrospira"", ""https://orrbiologicals.com/applications/species/chaetoceros"", ""https://orrbiologicals.com/applications/species/chlorella"", ""https://orrbiologicals.com/applications/species/dunaliella"", ""https://orrbiologicals.com/applications/species/haematococcus"", ""https://orrbiologicals.com/applications/species/isochrysis-tisochrysis"", ""https://orrbiologicals.com/applications/species/nannochloropsis"", ""https://orrbiologicals.com/applications/species/pavlova"", ""https://orrbiologicals.com/applications/species/phaeodactylum"", ""https://orrbiologicals.com/applications/species/tetraselmis"", ""https://orrbiologicals.com/applications/why-isochrysis-matters-aquaculture"", ""https://orrbiologicals.com/blog/alkalinity-as-a-control-variable"", ""https://orrbiologicals.com/blog/bounded-autonomy-safe-ai-proposals"", ""https://orrbiologicals.com/blog/control-loop-architecture"", ""https://orrbiologicals.com/blog/digital-twin-droop-steele-model"", ""https://orrbiologicals.com/blog/digital-twins-biological-cultivation"", ""https://orrbiologicals.com/blog/dissolved-oxygen-stress-signal"", ""https://orrbiologicals.com/blog/edge-ai-biological-systems"", ""https://orrbiologicals.com/blog/federated-learning-network"", ""https://orrbiologicals.com/blog/harvesting-and-using-fresh-spirulina"", ""https://orrbiologicals.com/blog/how-main-keeps-culture-safe"", ""https://orrbiologicals.com/blog/how-to-start-home-spirulina-culture"", ""https://orrbiologicals.com/blog/light-temperature-mixing"", ""https://orrbiologicals.com/blog/photobioreactor-ai-optimization"", ""https://orrbiologicals.com/blog/reading-your-culture"", ""https://orrbiologicals.com/blog/single-cell-microalgae-microfluidics"", ""https://orrbiologicals.com/blog/six-culture-signals-main-senses"", ""https://orrbiologicals.com/blog/spirulina-is-a-cyanobacterium"", ""https://orrbiologicals.com/blog/troubleshooting-contamination-crashes"", ""https://orrbiologicals.com/blog/troubleshooting-ph-and-carbon"", ""https://orrbiologicals.com/blog/vision-contamination-detection"", ""https://orrbiologicals.com/blog/what-is-main-plain-language"", ""https://orrbiologicals.com/blog/winter-home-growing-warmth"", ""https://orrbiologicals.com/blog/zarrouk-medium-and-nutrients"", ""https://orrbiologicals.com/cyanoflow"", ""https://orrbiologicals.com/microalgae-cultivation/"", ""https://orrbiologicals.com/photobioreactors/"", ""https://orrbiologicals.com/research/""]","[""https://orrbiologicals.com/"", ""https://orrbiologicals.com/#deploy"", ""https://orrbiologicals.com/#inside"", ""https://orrbiologicals.com/#products"", ""https://orrbiologicals.com/applications/"", ""https://orrbiologicals.com/applications/species/arthrospira"", ""https://orrbiologicals.com/blog/"", ""https://orrbiologicals.com/blog/digital-twin-droop-steele-model"", ""https://orrbiologicals.com/blog/digital-twins-biological-cultivation"", ""https://orrbiologicals.com/blog/dissolved-oxygen-stress-signal"", ""https://orrbiologicals.com/blog/light-temperature-mixing"", ""https://orrbiologicals.com/blog/single-cell-microalgae-microfluidics"", ""https://orrbiologicals.com/blog/six-culture-signals-main-senses"", ""https://orrbiologicals.com/blog/spirulina-is-a-cyanobacterium"", ""https://orrbiologicals.com/blog/vision-contamination-detection"", ""https://orrbiologicals.com/blog/what-is-main-plain-language"", ""https://orrbiologicals.com/cyanoflow"", ""https://orrbiologicals.com/game/"", ""https://orrbiologicals.com/glossary"", ""https://orrbiologicals.com/glossary#arthrospira"", ""https://orrbiologicals.com/glossary#beer-lambert"", ""https://orrbiologicals.com/glossary#cyanobacteria"", ""https://orrbiologicals.com/glossary#digital-twin"", ""https://orrbiologicals.com/glossary#dissolved-oxygen"", ""https://orrbiologicals.com/glossary#droop-model"", ""https://orrbiologicals.com/glossary#machine-vision"", ""https://orrbiologicals.com/glossary#microalgae"", ""https://orrbiologicals.com/glossary#microfluidics"", ""https://orrbiologicals.com/glossary#optical-density"", ""https://orrbiologicals.com/glossary#phenotyping"", ""https://orrbiologicals.com/glossary#photobioreactor"", ""https://orrbiologicals.com/glossary#photoinhibition"", ""https://orrbiologicals.com/glossary#single-cell-analysis"", ""https://orrbiologicals.com/privacy"", ""https://orrbiologicals.com/research/"", ""https://orrbiologicals.com/terms""]","[""https://pmc.ncbi.nlm.nih.gov/articles/PMC7467707/"", ""https://pmc.ncbi.nlm.nih.gov/articles/PMC9368473/""]",https://orrbiologicals.com/glossary,"[""WebPage"", ""BreadcrumbList""]",[],[],Illustrations vs measurements must be labeled; no pixel review implied,"{""missing"": 0, ""empty"": 0}",indexable,Supporting,KEEP,1,[],"{"""": """", ""viewport"": ""width=device-width, initial-scale=1"", ""description"": ""Understand microalgae, cyanobacteria, optical density, photobioreactors, digital twins, microfluidics and phenotyping, with limitations and deeper reading."", ""og:type"": ""website"", ""og:title"": ""Algae Biotechnology Glossary: Models, Sensors & Cells | Orr Biologicals"", ""og:description"": ""Understand microalgae, cyanobacteria, optical density, photobioreactors, digital twins, microfluidics and phenotyping, with limitations and deeper reading."", ""og:url"": ""https://orrbiologicals.com/glossary"", ""og:image"": ""https://orrbiologicals.com/assets/og.png"", ""og:site_name"": ""Orr Biologicals"", ""twitter:card"": ""summary_large_image"", ""twitter:title"": ""Algae Biotechnology Glossary: Models, Sensors & Cells | Orr Biologicals"", ""twitter:description"": ""Understand microalgae, cyanobacteria, optical density, photobioreactors, digital twins, microfluidics and phenotyping, with limitations and deeper reading."", ""twitter:image"": ""https://orrbiologicals.com/assets/og.png""}"
https://orrbiologicals.com/,index.html,"Algae Biotechnology, Cultivation & Single-Cell Research | Orr Biologicals","Algae Biotechnology, Cultivation & Single-Cell Research | Orr Biologicals","Explore algae biotechnology, microalgae cultivation and single-cell research: photobioreactors, sensing, microfluidics and microscopy, with clearly labeled concepts.","Explore algae biotechnology, microalgae cultivation and single-cell research: photobioreactors, sensing, microfluidics and microscopy, with clearly labeled concepts.","[""Algae biotechnologyresearch, cultivationand single cells.""]","[""Explore algae biotechnology by question."", ""Two platforms. Different questions."", ""Try the model.See what changes."", ""Biology pushes back."", ""The whole loop is Algaephyte."", ""How we plan the control loop"", ""Six signals, one culture."", ""Predicting growth with Droop and Steele"", ""Intelligence proposes. Hardware decides."", ""Federated learning without sending a pixel"", ""The control loop should not need the cloud."", ""One vessel is small. Reliability multiplies."", ""What we need to test next."", ""Failure modes to plan for"", ""FAQ"", ""Talk to us about the project"", ""Read the science behind the project."", ""The build, as it happens.""]",Navigational / educational,"Algae biotechnologyresearch, cultivationand single cells.","[""Explore algae biotechnology by question."", ""Two platforms. Different questions."", ""Try the model.See what changes."", ""Biology pushes back."", ""The whole loop is Algaephyte."", ""How we plan the control loop"", ""Six signals, one culture."", ""Predicting growth with Droop and Steele"", ""Intelligence proposes. Hardware decides."", ""Federated learning without sending a pixel"", ""The control loop should not need the cloud."", ""One vessel is small. Reliability multiplies."", ""What we need to test next."", ""Failure modes to plan for"", ""FAQ"", ""Talk to us about the project"", ""Read the science behind the project."", ""The build, as it happens.""]",Learn / evaluate research concepts,Site,2341,Editorial review required; word count is not a quality score,"[""https://orrbiologicals.com/404"", ""https://orrbiologicals.com/algae-biotechnology/"", ""https://orrbiologicals.com/algaephyte/"", ""https://orrbiologicals.com/applications/"", ""https://orrbiologicals.com/applications/algae-rations-for-bivalve-larvae"", ""https://orrbiologicals.com/applications/best-microalgae-for-copepod-culture"", ""https://orrbiologicals.com/applications/how-to-feed-copepods"", ""https://orrbiologicals.com/applications/how-to-grow-a-microalgae-culture"", ""https://orrbiologicals.com/applications/how-to-scale-a-microalgae-culture"", ""https://orrbiologicals.com/applications/how-to-start-a-phytoplankton-culture"", ""https://orrbiologicals.com/applications/microalgae-for-marine-fish-larvae"", ""https://orrbiologicals.com/applications/microalgal-biotechnology"", ""https://orrbiologicals.com/applications/pavlova-vs-isochrysis"", ""https://orrbiologicals.com/applications/phytoplankton-aquaculture-food-webs"", ""https://orrbiologicals.com/applications/prevent-contamination-microalgae-cultures"", ""https://orrbiologicals.com/applications/species/arthrospira"", ""https://orrbiologicals.com/applications/species/chaetoceros"", ""https://orrbiologicals.com/applications/species/chlorella"", ""https://orrbiologicals.com/applications/species/dunaliella"", ""https://orrbiologicals.com/applications/species/haematococcus"", ""https://orrbiologicals.com/applications/species/isochrysis-tisochrysis"", ""https://orrbiologicals.com/applications/species/nannochloropsis"", ""https://orrbiologicals.com/applications/species/pavlova"", ""https://orrbiologicals.com/applications/species/phaeodactylum"", ""https://orrbiologicals.com/applications/species/tetraselmis"", ""https://orrbiologicals.com/applications/why-isochrysis-matters-aquaculture"", ""https://orrbiologicals.com/blog/"", ""https://orrbiologicals.com/blog/alkalinity-as-a-control-variable"", ""https://orrbiologicals.com/blog/bounded-autonomy-safe-ai-proposals"", ""https://orrbiologicals.com/blog/control-loop-architecture"", ""https://orrbiologicals.com/blog/digital-twin-droop-steele-model"", ""https://orrbiologicals.com/blog/digital-twins-biological-cultivation"", ""https://orrbiologicals.com/blog/dissolved-oxygen-stress-signal"", ""https://orrbiologicals.com/blog/edge-ai-biological-systems"", ""https://orrbiologicals.com/blog/federated-learning-network"", ""https://orrbiologicals.com/blog/harvesting-and-using-fresh-spirulina"", ""https://orrbiologicals.com/blog/how-main-keeps-culture-safe"", ""https://orrbiologicals.com/blog/how-to-start-home-spirulina-culture"", ""https://orrbiologicals.com/blog/light-temperature-mixing"", ""https://orrbiologicals.com/blog/photobioreactor-ai-optimization"", ""https://orrbiologicals.com/blog/reading-your-culture"", ""https://orrbiologicals.com/blog/single-cell-microalgae-microfluidics"", ""https://orrbiologicals.com/blog/six-culture-signals-main-senses"", ""https://orrbiologicals.com/blog/spirulina-is-a-cyanobacterium"", ""https://orrbiologicals.com/blog/troubleshooting-contamination-crashes"", ""https://orrbiologicals.com/blog/troubleshooting-ph-and-carbon"", ""https://orrbiologicals.com/blog/vision-contamination-detection"", ""https://orrbiologicals.com/blog/what-is-main-plain-language"", ""https://orrbiologicals.com/blog/winter-home-growing-warmth"", ""https://orrbiologicals.com/blog/zarrouk-medium-and-nutrients"", ""https://orrbiologicals.com/cyanoflow"", ""https://orrbiologicals.com/disclaimer"", ""https://orrbiologicals.com/game/"", ""https://orrbiologicals.com/glossary"", ""https://orrbiologicals.com/microalgae-cultivation/"", ""https://orrbiologicals.com/photobioreactors/"", ""https://orrbiologicals.com/privacy"", ""https://orrbiologicals.com/research/"", ""https://orrbiologicals.com/terms""]","[""https://orrbiologicals.com/#deploy"", ""https://orrbiologicals.com/#faq"", ""https://orrbiologicals.com/#faults"", ""https://orrbiologicals.com/#inside"", ""https://orrbiologicals.com/#journal"", ""https://orrbiologicals.com/#main"", ""https://orrbiologicals.com/#mesh"", ""https://orrbiologicals.com/#products"", ""https://orrbiologicals.com/#safety"", ""https://orrbiologicals.com/#signals"", ""https://orrbiologicals.com/#simulation"", ""https://orrbiologicals.com/#stack"", ""https://orrbiologicals.com/#system"", ""https://orrbiologicals.com/#top"", ""https://orrbiologicals.com/#twin"", ""https://orrbiologicals.com/LICENSE"", ""https://orrbiologicals.com/algae-biotechnology/"", ""https://orrbiologicals.com/algaephyte/"", ""https://orrbiologicals.com/applications/"", ""https://orrbiologicals.com/blog/"", ""https://orrbiologicals.com/blog/digital-twins-biological-cultivation"", ""https://orrbiologicals.com/blog/harvesting-and-using-fresh-spirulina"", ""https://orrbiologicals.com/blog/how-to-start-home-spirulina-culture"", ""https://orrbiologicals.com/blog/single-cell-microalgae-microfluidics"", ""https://orrbiologicals.com/blog/spirulina-is-a-cyanobacterium"", ""https://orrbiologicals.com/blog/troubleshooting-contamination-crashes"", ""https://orrbiologicals.com/blog/vision-contamination-detection"", ""https://orrbiologicals.com/cyanoflow"", ""https://orrbiologicals.com/disclaimer"", ""https://orrbiologicals.com/game/"", ""https://orrbiologicals.com/microalgae-cultivation/"", ""https://orrbiologicals.com/photobioreactors/"", ""https://orrbiologicals.com/privacy"", ""https://orrbiologicals.com/research/"", ""https://orrbiologicals.com/terms""]","[""https://www.youtube.com/@OrrBiologicals""]",https://orrbiologicals.com/,"[""Organization"", ""WebSite"", ""CreativeWork""]",[],"[{""src"": ""assets/images/hero.jpg"", ""alt"": ""Illustrative image for the Algaephyte cultivation concept"", ""width"": ""1584"", ""height"": ""672"", ""fetchpriority"": ""high"", ""decoding"": ""async""}, {""src"": ""assets/images/hero.jpg"", ""alt"": ""Illustrative cultivation image; not a validated Algaephyte build"", ""loading"": ""lazy"", ""width"": ""1584"", ""height"": ""672""}, {""src"": ""assets/cyano/hero-field.jpg"", ""alt"": ""Illustrative microalgae image for the Cyanoflow concept"", ""loading"": ""lazy"", ""width"": ""1536"", ""height"": ""1024""}, {""class"": ""sim-photo"", ""id"": ""simPhoto"", ""src"": ""assets/images/microscopy/sim-field.jpg"", ""alt"": ""Living Arthrospira filaments under dark-field microscopy"", ""width"": ""1264"", ""height"": ""848"", ""loading"": ""lazy"", ""decoding"": ""async""}, {""src"": ""assets/images/microscopy/bench-photo.jpg"", ""alt"": ""Illustrative control hardware image for the proposed architecture"", ""style"": ""width:100%;border:1px solid var(--rule)"", ""width"": ""1408"", ""height"": ""768"", ""loading"": ""lazy"", ""decoding"": ""async""}, {""class"": ""instrument-img parallax"", ""id"": ""instImg"", ""src"": ""assets/images/instrument-photo.jpg"", ""alt"": ""Illustrative hardware image for the Algaephyte concept"", ""width"": ""1408"", ""height"": ""768"", ""loading"": ""lazy"", ""decoding"": ""async""}, {""src"": ""assets/images/library/microscopy-field.svg"", ""alt"": """", ""loading"": ""lazy"", ""width"": ""800"", ""height"": ""450""}, {""src"": ""assets/images/library/culture-vessels.svg"", ""alt"": """", ""loading"": ""lazy"", ""width"": ""800"", ""height"": ""450""}, {""src"": ""assets/images/library/biotech-compounds.svg"", ""alt"": """", ""loading"": ""lazy"", ""width"": ""800"", ""height"": ""450""}]",Illustrations vs measurements must be labeled; no pixel review implied,"{""missing"": 0, ""empty"": 3}",indexable,High,KEEP,1,[],"{"""": """", ""viewport"": ""width=device-width, initial-scale=1"", ""referrer"": ""strict-origin-when-cross-origin"", ""description"": ""Explore algae biotechnology, microalgae cultivation and single-cell research: photobioreactors, sensing, microfluidics and microscopy, with clearly labeled concepts."", ""theme-color"": ""#f5efe0"", ""og:title"": ""Algae Biotechnology, Cultivation & Single-Cell Research | Orr Biologicals"", ""og:description"": ""Explore algae biotechnology, microalgae cultivation and single-cell research: photobioreactors, sensing, microfluidics and microscopy, with clearly labeled concepts."", ""og:type"": ""website"", ""og:url"": ""https://orrbiologicals.com/"", ""og:image"": ""https://orrbiologicals.com/assets/og.png"", ""og:image:width"": ""1200"", ""og:image:height"": ""630"", ""og:site_name"": ""Orr Biologicals"", ""og:locale"": ""en_US"", ""twitter:card"": ""summary_large_image"", ""twitter:title"": ""Algae Biotechnology, Cultivation & Single-Cell Research | Orr Biologicals"", ""twitter:description"": ""Explore algae biotechnology, microalgae cultivation and single-cell research: photobioreactors, sensing, microfluidics and microscopy, with clearly labeled concepts."", ""twitter:image"": ""https://orrbiologicals.com/assets/og.png""}"
https://orrbiologicals.com/microalgae-cultivation/,microalgae-cultivation/index.html,"Microalgae Cultivation: Light, Nutrients & Monitoring | Orr Biologicals","Microalgae Cultivation: Light, Nutrients & Monitoring | Orr Biologicals","Learn how light, temperature, nutrients, carbon, mixing and monitoring interact in microalgae cultivation. Compare measurements and find species-specific guides.","Learn how light, temperature, nutrients, carbon, mixing and monitoring interact in microalgae cultivation. Compare measurements and find species-specific guides.","[""Microalgae cultivation: conditions and monitoring""]","[""Start with identity and the question"", ""The inputs interact"", ""Monitoring: optical density is a proxy"", ""Contamination and culture failure"", ""Batch, continuous operation and scaling"", ""Models and automation are a separate layer"", ""Sources and next reading""]",Navigational / educational,Microalgae cultivation: conditions and monitoring,"[""Start with identity and the question"", ""The inputs interact"", ""Monitoring: optical density is a proxy"", ""Contamination and culture failure"", ""Batch, continuous operation and scaling"", ""Models and automation are a separate layer"", ""Sources and next reading""]",Learn / evaluate research concepts,Site,674,Editorial review required; word count is not a quality score,"[""https://orrbiologicals.com/"", ""https://orrbiologicals.com/algae-biotechnology/"", ""https://orrbiologicals.com/algaephyte/"", ""https://orrbiologicals.com/applications/"", ""https://orrbiologicals.com/applications/algae-rations-for-bivalve-larvae"", ""https://orrbiologicals.com/applications/best-microalgae-for-copepod-culture"", ""https://orrbiologicals.com/applications/how-to-feed-copepods"", ""https://orrbiologicals.com/applications/how-to-grow-a-microalgae-culture"", ""https://orrbiologicals.com/applications/how-to-scale-a-microalgae-culture"", ""https://orrbiologicals.com/applications/how-to-start-a-phytoplankton-culture"", ""https://orrbiologicals.com/applications/microalgae-for-marine-fish-larvae"", ""https://orrbiologicals.com/applications/microalgal-biotechnology"", ""https://orrbiologicals.com/applications/pavlova-vs-isochrysis"", ""https://orrbiologicals.com/applications/phytoplankton-aquaculture-food-webs"", ""https://orrbiologicals.com/applications/prevent-contamination-microalgae-cultures"", ""https://orrbiologicals.com/applications/species/arthrospira"", ""https://orrbiologicals.com/applications/species/chaetoceros"", ""https://orrbiologicals.com/applications/species/chlorella"", ""https://orrbiologicals.com/applications/species/dunaliella"", ""https://orrbiologicals.com/applications/species/haematococcus"", ""https://orrbiologicals.com/applications/species/isochrysis-tisochrysis"", ""https://orrbiologicals.com/applications/species/nannochloropsis"", ""https://orrbiologicals.com/applications/species/pavlova"", ""https://orrbiologicals.com/applications/species/phaeodactylum"", ""https://orrbiologicals.com/applications/species/tetraselmis"", ""https://orrbiologicals.com/applications/why-isochrysis-matters-aquaculture"", ""https://orrbiologicals.com/blog/"", ""https://orrbiologicals.com/blog/alkalinity-as-a-control-variable"", ""https://orrbiologicals.com/blog/bounded-autonomy-safe-ai-proposals"", ""https://orrbiologicals.com/blog/control-loop-architecture"", ""https://orrbiologicals.com/blog/digital-twin-droop-steele-model"", ""https://orrbiologicals.com/blog/digital-twins-biological-cultivation"", ""https://orrbiologicals.com/blog/dissolved-oxygen-stress-signal"", ""https://orrbiologicals.com/blog/federated-learning-network"", ""https://orrbiologicals.com/blog/harvesting-and-using-fresh-spirulina"", ""https://orrbiologicals.com/blog/how-main-keeps-culture-safe"", ""https://orrbiologicals.com/blog/how-to-start-home-spirulina-culture"", ""https://orrbiologicals.com/blog/light-temperature-mixing"", ""https://orrbiologicals.com/blog/photobioreactor-ai-optimization"", ""https://orrbiologicals.com/blog/reading-your-culture"", ""https://orrbiologicals.com/blog/six-culture-signals-main-senses"", ""https://orrbiologicals.com/blog/spirulina-is-a-cyanobacterium"", ""https://orrbiologicals.com/blog/troubleshooting-contamination-crashes"", ""https://orrbiologicals.com/blog/troubleshooting-ph-and-carbon"", ""https://orrbiologicals.com/blog/what-is-main-plain-language"", ""https://orrbiologicals.com/blog/winter-home-growing-warmth"", ""https://orrbiologicals.com/blog/zarrouk-medium-and-nutrients"", ""https://orrbiologicals.com/photobioreactors/"", ""https://orrbiologicals.com/research/""]","[""https://orrbiologicals.com/"", ""https://orrbiologicals.com/#deploy"", ""https://orrbiologicals.com/#inside"", ""https://orrbiologicals.com/#products"", ""https://orrbiologicals.com/#simulation"", ""https://orrbiologicals.com/algaephyte/"", ""https://orrbiologicals.com/applications/"", ""https://orrbiologicals.com/applications/#species"", ""https://orrbiologicals.com/applications/how-to-grow-a-microalgae-culture"", ""https://orrbiologicals.com/applications/how-to-scale-a-microalgae-culture"", ""https://orrbiologicals.com/applications/how-to-start-a-phytoplankton-culture"", ""https://orrbiologicals.com/applications/prevent-contamination-microalgae-cultures"", ""https://orrbiologicals.com/applications/species/arthrospira"", ""https://orrbiologicals.com/applications/species/isochrysis-tisochrysis"", ""https://orrbiologicals.com/blog/"", ""https://orrbiologicals.com/blog/alkalinity-as-a-control-variable"", ""https://orrbiologicals.com/blog/dissolved-oxygen-stress-signal"", ""https://orrbiologicals.com/blog/harvesting-and-using-fresh-spirulina"", ""https://orrbiologicals.com/blog/light-temperature-mixing"", ""https://orrbiologicals.com/blog/six-culture-signals-main-senses"", ""https://orrbiologicals.com/blog/troubleshooting-contamination-crashes"", ""https://orrbiologicals.com/blog/winter-home-growing-warmth"", ""https://orrbiologicals.com/blog/zarrouk-medium-and-nutrients"", ""https://orrbiologicals.com/cyanoflow"", ""https://orrbiologicals.com/disclaimer"", ""https://orrbiologicals.com/game/"", ""https://orrbiologicals.com/glossary"", ""https://orrbiologicals.com/photobioreactors/"", ""https://orrbiologicals.com/privacy"", ""https://orrbiologicals.com/research/"", ""https://orrbiologicals.com/terms""]","[""https://pmc.ncbi.nlm.nih.gov/articles/PMC9033726/"", ""https://pmc.ncbi.nlm.nih.gov/articles/PMC9368473/""]",https://orrbiologicals.com/microalgae-cultivation/,"[""WebPage"", ""BreadcrumbList""]",[],[],Illustrations vs measurements must be labeled; no pixel review implied,"{""missing"": 0, ""empty"": 0}",indexable,High,KEEP,1,[],"{"""": """", ""viewport"": ""width=device-width, initial-scale=1"", ""description"": ""Learn how light, temperature, nutrients, carbon, mixing and monitoring interact in microalgae cultivation. Compare measurements and find species-specific guides."", ""og:type"": ""website"", ""og:title"": ""Microalgae Cultivation: Light, Nutrients & Monitoring | Orr Biologicals"", ""og:description"": ""Learn how light, temperature, nutrients, carbon, mixing and monitoring interact in microalgae cultivation. Compare measurements and find species-specific guides."", ""og:url"": ""https://orrbiologicals.com/microalgae-cultivation/"", ""og:image"": ""https://orrbiologicals.com/assets/og.png"", ""og:site_name"": ""Orr Biologicals"", ""twitter:card"": ""summary_large_image"", ""twitter:title"": ""Microalgae Cultivation: Light, Nutrients & Monitoring | Orr Biologicals"", ""twitter:description"": ""Learn how light, temperature, nutrients, carbon, mixing and monitoring interact in microalgae cultivation. Compare measurements and find species-specific guides."", ""twitter:image"": ""https://orrbiologicals.com/assets/og.png""}"
https://orrbiologicals.com/photobioreactors/,photobioreactors/index.html,"Microalgae Photobioreactors: Design, Light & Sensors | Orr Biologicals","Microalgae Photobioreactors: Design, Light & Sensors | Orr Biologicals","Compare photobioreactor geometries and understand light paths, mixing, gas exchange, sensors and scale-up limits using cited research and educational guides.","Compare photobioreactor geometries and understand light paths, mixing, gas exchange, sensors and scale-up limits using cited research and educational guides.","[""Microalgae photobioreactors: design and measurement""]","[""How a photobioreactor works"", ""Open ponds and closed vessels: a decision, not a ranking"", ""Compare common reactor geometries"", ""Light management and self-shading"", ""Mixing, carbon supply and oxygen removal"", ""Sensors and contamination monitoring"", ""Digital twins and bounded control"", ""Sources and scope""]",Navigational / educational,Microalgae photobioreactors: design and measurement,"[""How a photobioreactor works"", ""Open ponds and closed vessels: a decision, not a ranking"", ""Compare common reactor geometries"", ""Light management and self-shading"", ""Mixing, carbon supply and oxygen removal"", ""Sensors and contamination monitoring"", ""Digital twins and bounded control"", ""Sources and scope""]",Learn / evaluate research concepts,Site,707,Editorial review required; word count is not a quality score,"[""https://orrbiologicals.com/"", ""https://orrbiologicals.com/algae-biotechnology/"", ""https://orrbiologicals.com/algaephyte/"", ""https://orrbiologicals.com/applications/"", ""https://orrbiologicals.com/applications/species/arthrospira"", ""https://orrbiologicals.com/applications/species/chaetoceros"", ""https://orrbiologicals.com/applications/species/chlorella"", ""https://orrbiologicals.com/applications/species/dunaliella"", ""https://orrbiologicals.com/applications/species/haematococcus"", ""https://orrbiologicals.com/applications/species/isochrysis-tisochrysis"", ""https://orrbiologicals.com/applications/species/nannochloropsis"", ""https://orrbiologicals.com/applications/species/pavlova"", ""https://orrbiologicals.com/applications/species/phaeodactylum"", ""https://orrbiologicals.com/applications/species/tetraselmis"", ""https://orrbiologicals.com/blog/"", ""https://orrbiologicals.com/blog/alkalinity-as-a-control-variable"", ""https://orrbiologicals.com/blog/bounded-autonomy-safe-ai-proposals"", ""https://orrbiologicals.com/blog/control-loop-architecture"", ""https://orrbiologicals.com/blog/digital-twin-droop-steele-model"", ""https://orrbiologicals.com/blog/digital-twins-biological-cultivation"", ""https://orrbiologicals.com/blog/dissolved-oxygen-stress-signal"", ""https://orrbiologicals.com/blog/federated-learning-network"", ""https://orrbiologicals.com/blog/harvesting-and-using-fresh-spirulina"", ""https://orrbiologicals.com/blog/how-main-keeps-culture-safe"", ""https://orrbiologicals.com/blog/how-to-start-home-spirulina-culture"", ""https://orrbiologicals.com/blog/light-temperature-mixing"", ""https://orrbiologicals.com/blog/photobioreactor-ai-optimization"", ""https://orrbiologicals.com/blog/reading-your-culture"", ""https://orrbiologicals.com/blog/six-culture-signals-main-senses"", ""https://orrbiologicals.com/blog/spirulina-is-a-cyanobacterium"", ""https://orrbiologicals.com/blog/troubleshooting-contamination-crashes"", ""https://orrbiologicals.com/blog/troubleshooting-ph-and-carbon"", ""https://orrbiologicals.com/blog/what-is-main-plain-language"", ""https://orrbiologicals.com/blog/winter-home-growing-warmth"", ""https://orrbiologicals.com/blog/zarrouk-medium-and-nutrients"", ""https://orrbiologicals.com/microalgae-cultivation/"", ""https://orrbiologicals.com/research/""]","[""https://orrbiologicals.com/"", ""https://orrbiologicals.com/#deploy"", ""https://orrbiologicals.com/#inside"", ""https://orrbiologicals.com/#products"", ""https://orrbiologicals.com/algaephyte/"", ""https://orrbiologicals.com/applications/"", ""https://orrbiologicals.com/applications/how-to-scale-a-microalgae-culture"", ""https://orrbiologicals.com/blog/"", ""https://orrbiologicals.com/blog/alkalinity-as-a-control-variable"", ""https://orrbiologicals.com/blog/bounded-autonomy-safe-ai-proposals"", ""https://orrbiologicals.com/blog/digital-twin-droop-steele-model"", ""https://orrbiologicals.com/blog/dissolved-oxygen-stress-signal"", ""https://orrbiologicals.com/blog/light-temperature-mixing"", ""https://orrbiologicals.com/blog/six-culture-signals-main-senses"", ""https://orrbiologicals.com/blog/vision-contamination-detection"", ""https://orrbiologicals.com/cyanoflow"", ""https://orrbiologicals.com/game/"", ""https://orrbiologicals.com/glossary"", ""https://orrbiologicals.com/microalgae-cultivation/"", ""https://orrbiologicals.com/privacy"", ""https://orrbiologicals.com/research/"", ""https://orrbiologicals.com/terms""]","[""https://extension.okstate.edu/fact-sheets/photobioreactor-design-for-algal-biomass-production"", ""https://pmc.ncbi.nlm.nih.gov/articles/PMC9033726/"", ""https://pmc.ncbi.nlm.nih.gov/articles/PMC9731602/""]",https://orrbiologicals.com/photobioreactors/,"[""WebPage"", ""BreadcrumbList""]",[],[],Illustrations vs measurements must be labeled; no pixel review implied,"{""missing"": 0, ""empty"": 0}",indexable,High,KEEP,1,[],"{"""": """", ""viewport"": ""width=device-width, initial-scale=1"", ""description"": ""Compare photobioreactor geometries and understand light paths, mixing, gas exchange, sensors and scale-up limits using cited research and educational guides."", ""og:type"": ""website"", ""og:title"": ""Microalgae Photobioreactors: Design, Light & Sensors | Orr Biologicals"", ""og:description"": ""Compare photobioreactor geometries and understand light paths, mixing, gas exchange, sensors and scale-up limits using cited research and educational guides."", ""og:url"": ""https://orrbiologicals.com/photobioreactors/"", ""og:image"": ""https://orrbiologicals.com/assets/og.png"", ""og:site_name"": ""Orr Biologicals"", ""twitter:card"": ""summary_large_image"", ""twitter:title"": ""Microalgae Photobioreactors: Design, Light & Sensors | Orr Biologicals"", ""twitter:description"": ""Compare photobioreactor geometries and understand light paths, mixing, gas exchange, sensors and scale-up limits using cited research and educational guides."", ""twitter:image"": ""https://orrbiologicals.com/assets/og.png""}"
https://orrbiologicals.com/privacy,privacy.html,Privacy Policy | Orr Biologicals,Privacy Policy | Orr Biologicals,"How Orr Biologicals handles information on orrbiologicals.com — what we collect, the cookies and local storage we use, and the choices you have.","How Orr Biologicals handles information on orrbiologicals.com — what we collect, the cookies and local storage we use, and the choices you have.","[""Privacy Policy""]","[""Information we collect"", ""Cookies and local storage"", ""Legal basis"", ""Children"", ""Your rights"", ""Changes to this policy"", ""Contact""]",Navigational / educational,Privacy Policy,"[""Information we collect"", ""Cookies and local storage"", ""Legal basis"", ""Children"", ""Your rights"", ""Changes to this policy"", ""Contact""]",Learn / evaluate research concepts,Site,458,Editorial review required; word count is not a quality score,"[""https://orrbiologicals.com/"", ""https://orrbiologicals.com/404"", ""https://orrbiologicals.com/algae-biotechnology/"", ""https://orrbiologicals.com/algaephyte/"", ""https://orrbiologicals.com/applications/"", ""https://orrbiologicals.com/applications/algae-rations-for-bivalve-larvae"", ""https://orrbiologicals.com/applications/best-microalgae-for-copepod-culture"", ""https://orrbiologicals.com/applications/how-to-feed-copepods"", ""https://orrbiologicals.com/applications/how-to-grow-a-microalgae-culture"", ""https://orrbiologicals.com/applications/how-to-scale-a-microalgae-culture"", ""https://orrbiologicals.com/applications/how-to-start-a-phytoplankton-culture"", ""https://orrbiologicals.com/applications/microalgae-for-marine-fish-larvae"", ""https://orrbiologicals.com/applications/microalgal-biotechnology"", ""https://orrbiologicals.com/applications/pavlova-vs-isochrysis"", ""https://orrbiologicals.com/applications/phytoplankton-aquaculture-food-webs"", ""https://orrbiologicals.com/applications/prevent-contamination-microalgae-cultures"", ""https://orrbiologicals.com/applications/species/arthrospira"", ""https://orrbiologicals.com/applications/species/chaetoceros"", ""https://orrbiologicals.com/applications/species/chlorella"", ""https://orrbiologicals.com/applications/species/dunaliella"", ""https://orrbiologicals.com/applications/species/haematococcus"", ""https://orrbiologicals.com/applications/species/isochrysis-tisochrysis"", ""https://orrbiologicals.com/applications/species/nannochloropsis"", ""https://orrbiologicals.com/applications/species/pavlova"", ""https://orrbiologicals.com/applications/species/phaeodactylum"", ""https://orrbiologicals.com/applications/species/tetraselmis"", ""https://orrbiologicals.com/applications/why-isochrysis-matters-aquaculture"", ""https://orrbiologicals.com/blog/"", ""https://orrbiologicals.com/blog/alkalinity-as-a-control-variable"", ""https://orrbiologicals.com/blog/bounded-autonomy-safe-ai-proposals"", ""https://orrbiologicals.com/blog/control-loop-architecture"", ""https://orrbiologicals.com/blog/digital-twin-droop-steele-model"", ""https://orrbiologicals.com/blog/digital-twins-biological-cultivation"", ""https://orrbiologicals.com/blog/dissolved-oxygen-stress-signal"", ""https://orrbiologicals.com/blog/edge-ai-biological-systems"", ""https://orrbiologicals.com/blog/federated-learning-network"", ""https://orrbiologicals.com/blog/harvesting-and-using-fresh-spirulina"", ""https://orrbiologicals.com/blog/how-main-keeps-culture-safe"", ""https://orrbiologicals.com/blog/how-to-start-home-spirulina-culture"", ""https://orrbiologicals.com/blog/light-temperature-mixing"", ""https://orrbiologicals.com/blog/photobioreactor-ai-optimization"", ""https://orrbiologicals.com/blog/reading-your-culture"", ""https://orrbiologicals.com/blog/single-cell-microalgae-microfluidics"", ""https://orrbiologicals.com/blog/six-culture-signals-main-senses"", ""https://orrbiologicals.com/blog/spirulina-is-a-cyanobacterium"", ""https://orrbiologicals.com/blog/troubleshooting-contamination-crashes"", ""https://orrbiologicals.com/blog/troubleshooting-ph-and-carbon"", ""https://orrbiologicals.com/blog/vision-contamination-detection"", ""https://orrbiologicals.com/blog/what-is-main-plain-language"", ""https://orrbiologicals.com/blog/winter-home-growing-warmth"", ""https://orrbiologicals.com/blog/zarrouk-medium-and-nutrients"", ""https://orrbiologicals.com/cyanoflow"", ""https://orrbiologicals.com/disclaimer"", ""https://orrbiologicals.com/game/"", ""https://orrbiologicals.com/glossary"", ""https://orrbiologicals.com/microalgae-cultivation/"", ""https://orrbiologicals.com/photobioreactors/"", ""https://orrbiologicals.com/research/"", ""https://orrbiologicals.com/terms""]","[""https://orrbiologicals.com/"", ""https://orrbiologicals.com/#deploy"", ""https://orrbiologicals.com/#inside"", ""https://orrbiologicals.com/#products"", ""https://orrbiologicals.com/applications/"", ""https://orrbiologicals.com/blog/"", ""https://orrbiologicals.com/cyanoflow"", ""https://orrbiologicals.com/disclaimer"", ""https://orrbiologicals.com/game/"", ""https://orrbiologicals.com/terms""]",[],https://orrbiologicals.com/privacy,[],[],[],Illustrations vs measurements must be labeled; no pixel review implied,"{""missing"": 0, ""empty"": 0}",indexable,Supporting,KEEP,1,[],"{"""": """", ""viewport"": ""width=device-width, initial-scale=1"", ""referrer"": ""strict-origin-when-cross-origin"", ""description"": ""How Orr Biologicals handles information on orrbiologicals.com — what we collect, the cookies and local storage we use, and the choices you have."", ""og:title"": ""Privacy Policy | Orr Biologicals"", ""og:description"": ""How Orr Biologicals handles information on orrbiologicals.com — what we collect, the cookies and local storage we use, and the choices you have."", ""og:type"": ""website"", ""og:url"": ""https://orrbiologicals.com/privacy"", ""og:image"": ""https://orrbiologicals.com/assets/og.png"", ""og:site_name"": ""Orr Biologicals"", ""og:locale"": ""en_US"", ""twitter:card"": ""summary_large_image"", ""twitter:title"": ""Privacy Policy | Orr Biologicals"", ""twitter:description"": ""How Orr Biologicals handles information on orrbiologicals.com — what we collect, the cookies and local storage we use, and the choices you have."", ""twitter:image"": ""https://orrbiologicals.com/assets/og.png""}"
https://orrbiologicals.com/research/,research/index.html,Algae Cultivation & Single-Cell Research Methods | Orr Biologicals,Algae Cultivation & Single-Cell Research Methods | Orr Biologicals,"Explore Algaephyte cultivation models, Cyanoflow single-cell methods, species guides and transparent research-status labels. Concepts are not validated results.","Explore Algaephyte cultivation models, Cyanoflow single-cell methods, species guides and transparent research-status labels. Concepts are not validated results.","[""Algae cultivation and single-cell research methods""]","[""Topic pillars: choose a reading path"", ""Choose the question, not just the platform"", ""Algae cultivation: a connected reading path"", ""Sensors, growth models and bounded control"", ""Cyanoflow: single-cell observation before candidate claims"", ""Methodology: what different evidence labels mean"", ""Authorship, sources and corrections"", ""Primary reading and next steps""]",Navigational / educational,Algae cultivation and single-cell research methods,"[""Topic pillars: choose a reading path"", ""Choose the question, not just the platform"", ""Algae cultivation: a connected reading path"", ""Sensors, growth models and bounded control"", ""Cyanoflow: single-cell observation before candidate claims"", ""Methodology: what different evidence labels mean"", ""Authorship, sources and corrections"", ""Primary reading and next steps""]",Learn / evaluate research concepts,Site,674,Editorial review required; word count is not a quality score,"[""https://orrbiologicals.com/"", ""https://orrbiologicals.com/algae-biotechnology/"", ""https://orrbiologicals.com/algaephyte/"", ""https://orrbiologicals.com/applications/"", ""https://orrbiologicals.com/applications/algae-rations-for-bivalve-larvae"", ""https://orrbiologicals.com/applications/best-microalgae-for-copepod-culture"", ""https://orrbiologicals.com/applications/how-to-feed-copepods"", ""https://orrbiologicals.com/applications/how-to-grow-a-microalgae-culture"", ""https://orrbiologicals.com/applications/how-to-scale-a-microalgae-culture"", ""https://orrbiologicals.com/applications/how-to-start-a-phytoplankton-culture"", ""https://orrbiologicals.com/applications/microalgae-for-marine-fish-larvae"", ""https://orrbiologicals.com/applications/microalgal-biotechnology"", ""https://orrbiologicals.com/applications/pavlova-vs-isochrysis"", ""https://orrbiologicals.com/applications/phytoplankton-aquaculture-food-webs"", ""https://orrbiologicals.com/applications/prevent-contamination-microalgae-cultures"", ""https://orrbiologicals.com/applications/species/arthrospira"", ""https://orrbiologicals.com/applications/species/chaetoceros"", ""https://orrbiologicals.com/applications/species/chlorella"", ""https://orrbiologicals.com/applications/species/dunaliella"", ""https://orrbiologicals.com/applications/species/haematococcus"", ""https://orrbiologicals.com/applications/species/isochrysis-tisochrysis"", ""https://orrbiologicals.com/applications/species/nannochloropsis"", ""https://orrbiologicals.com/applications/species/pavlova"", ""https://orrbiologicals.com/applications/species/phaeodactylum"", ""https://orrbiologicals.com/applications/species/tetraselmis"", ""https://orrbiologicals.com/applications/why-isochrysis-matters-aquaculture"", ""https://orrbiologicals.com/blog/alkalinity-as-a-control-variable"", ""https://orrbiologicals.com/blog/bounded-autonomy-safe-ai-proposals"", ""https://orrbiologicals.com/blog/control-loop-architecture"", ""https://orrbiologicals.com/blog/digital-twin-droop-steele-model"", ""https://orrbiologicals.com/blog/digital-twins-biological-cultivation"", ""https://orrbiologicals.com/blog/dissolved-oxygen-stress-signal"", ""https://orrbiologicals.com/blog/edge-ai-biological-systems"", ""https://orrbiologicals.com/blog/federated-learning-network"", ""https://orrbiologicals.com/blog/harvesting-and-using-fresh-spirulina"", ""https://orrbiologicals.com/blog/how-main-keeps-culture-safe"", ""https://orrbiologicals.com/blog/how-to-start-home-spirulina-culture"", ""https://orrbiologicals.com/blog/light-temperature-mixing"", ""https://orrbiologicals.com/blog/photobioreactor-ai-optimization"", ""https://orrbiologicals.com/blog/reading-your-culture"", ""https://orrbiologicals.com/blog/single-cell-microalgae-microfluidics"", ""https://orrbiologicals.com/blog/six-culture-signals-main-senses"", ""https://orrbiologicals.com/blog/spirulina-is-a-cyanobacterium"", ""https://orrbiologicals.com/blog/troubleshooting-contamination-crashes"", ""https://orrbiologicals.com/blog/troubleshooting-ph-and-carbon"", ""https://orrbiologicals.com/blog/vision-contamination-detection"", ""https://orrbiologicals.com/blog/what-is-main-plain-language"", ""https://orrbiologicals.com/blog/winter-home-growing-warmth"", ""https://orrbiologicals.com/blog/zarrouk-medium-and-nutrients"", ""https://orrbiologicals.com/cyanoflow"", ""https://orrbiologicals.com/glossary"", ""https://orrbiologicals.com/microalgae-cultivation/"", ""https://orrbiologicals.com/photobioreactors/""]","[""https://orrbiologicals.com/"", ""https://orrbiologicals.com/#deploy"", ""https://orrbiologicals.com/#inside"", ""https://orrbiologicals.com/#products"", ""https://orrbiologicals.com/#simulation"", ""https://orrbiologicals.com/algae-biotechnology/"", ""https://orrbiologicals.com/algaephyte/"", ""https://orrbiologicals.com/applications/"", ""https://orrbiologicals.com/applications/#species"", ""https://orrbiologicals.com/applications/how-to-grow-a-microalgae-culture"", ""https://orrbiologicals.com/blog/"", ""https://orrbiologicals.com/blog/#kb"", ""https://orrbiologicals.com/blog/alkalinity-as-a-control-variable"", ""https://orrbiologicals.com/blog/bounded-autonomy-safe-ai-proposals"", ""https://orrbiologicals.com/blog/control-loop-architecture"", ""https://orrbiologicals.com/blog/digital-twin-droop-steele-model"", ""https://orrbiologicals.com/blog/digital-twins-biological-cultivation"", ""https://orrbiologicals.com/blog/dissolved-oxygen-stress-signal"", ""https://orrbiologicals.com/blog/edge-ai-biological-systems"", ""https://orrbiologicals.com/blog/how-main-keeps-culture-safe"", ""https://orrbiologicals.com/blog/how-to-start-home-spirulina-culture"", ""https://orrbiologicals.com/blog/light-temperature-mixing"", ""https://orrbiologicals.com/blog/single-cell-microalgae-microfluidics"", ""https://orrbiologicals.com/blog/six-culture-signals-main-senses"", ""https://orrbiologicals.com/blog/spirulina-is-a-cyanobacterium"", ""https://orrbiologicals.com/blog/vision-contamination-detection"", ""https://orrbiologicals.com/blog/zarrouk-medium-and-nutrients"", ""https://orrbiologicals.com/cyanoflow"", ""https://orrbiologicals.com/cyanoflow#pipeline"", ""https://orrbiologicals.com/disclaimer"", ""https://orrbiologicals.com/game/"", ""https://orrbiologicals.com/glossary"", ""https://orrbiologicals.com/microalgae-cultivation/"", ""https://orrbiologicals.com/photobioreactors/"", ""https://orrbiologicals.com/privacy"", ""https://orrbiologicals.com/research/"", ""https://orrbiologicals.com/terms""]","[""https://pmc.ncbi.nlm.nih.gov/articles/PMC7467707/"", ""https://pmc.ncbi.nlm.nih.gov/articles/PMC9368473/""]",https://orrbiologicals.com/research/,"[""CollectionPage"", ""BreadcrumbList""]",[],[],Illustrations vs measurements must be labeled; no pixel review implied,"{""missing"": 0, ""empty"": 0}",indexable,High,KEEP,1,[],"{"""": """", ""viewport"": ""width=device-width, initial-scale=1"", ""description"": ""Explore Algaephyte cultivation models, Cyanoflow single-cell methods, species guides and transparent research-status labels. Concepts are not validated results."", ""og:type"": ""website"", ""og:title"": ""Algae Cultivation & Single-Cell Research Methods | Orr Biologicals"", ""og:description"": ""Explore Algaephyte cultivation models, Cyanoflow single-cell methods, species guides and transparent research-status labels. Concepts are not validated results."", ""og:url"": ""https://orrbiologicals.com/research/"", ""og:image"": ""https://orrbiologicals.com/assets/og.png"", ""og:site_name"": ""Orr Biologicals"", ""twitter:card"": ""summary_large_image"", ""twitter:title"": ""Algae Cultivation & Single-Cell Research Methods | Orr Biologicals"", ""twitter:description"": ""Explore Algaephyte cultivation models, Cyanoflow single-cell methods, species guides and transparent research-status labels. Concepts are not validated results."", ""twitter:image"": ""https://orrbiologicals.com/assets/og.png""}"
https://orrbiologicals.com/terms,terms.html,Terms of Use | Orr Biologicals,Terms of Use | Orr Biologicals,"Terms governing use of the Orr Biologicals website: informational content, open-source licensing, the Algae Living game, and limitation of liability.","Terms governing use of the Orr Biologicals website: informational content, open-source licensing, the Algae Living game, and limitation of liability.","[""Terms of Use""]","[""Informational content"", ""Open source and licensing"", ""The Algae Living game"", ""Acceptable use"", ""Trademarks"", ""Disclaimer of warranties"", ""Limitation of liability"", ""Changes to these terms"", ""Contact""]",Navigational / educational,Terms of Use,"[""Informational content"", ""Open source and licensing"", ""The Algae Living game"", ""Acceptable use"", ""Trademarks"", ""Disclaimer of warranties"", ""Limitation of liability"", ""Changes to these terms"", ""Contact""]",Learn / evaluate research concepts,Site,463,Editorial review required; word count is not a quality score,"[""https://orrbiologicals.com/"", ""https://orrbiologicals.com/404"", ""https://orrbiologicals.com/algae-biotechnology/"", ""https://orrbiologicals.com/algaephyte/"", ""https://orrbiologicals.com/applications/"", ""https://orrbiologicals.com/applications/algae-rations-for-bivalve-larvae"", ""https://orrbiologicals.com/applications/best-microalgae-for-copepod-culture"", ""https://orrbiologicals.com/applications/how-to-feed-copepods"", ""https://orrbiologicals.com/applications/how-to-grow-a-microalgae-culture"", ""https://orrbiologicals.com/applications/how-to-scale-a-microalgae-culture"", ""https://orrbiologicals.com/applications/how-to-start-a-phytoplankton-culture"", ""https://orrbiologicals.com/applications/microalgae-for-marine-fish-larvae"", ""https://orrbiologicals.com/applications/microalgal-biotechnology"", ""https://orrbiologicals.com/applications/pavlova-vs-isochrysis"", ""https://orrbiologicals.com/applications/phytoplankton-aquaculture-food-webs"", ""https://orrbiologicals.com/applications/prevent-contamination-microalgae-cultures"", ""https://orrbiologicals.com/applications/species/arthrospira"", ""https://orrbiologicals.com/applications/species/chaetoceros"", ""https://orrbiologicals.com/applications/species/chlorella"", ""https://orrbiologicals.com/applications/species/dunaliella"", ""https://orrbiologicals.com/applications/species/haematococcus"", ""https://orrbiologicals.com/applications/species/isochrysis-tisochrysis"", ""https://orrbiologicals.com/applications/species/nannochloropsis"", ""https://orrbiologicals.com/applications/species/pavlova"", ""https://orrbiologicals.com/applications/species/phaeodactylum"", ""https://orrbiologicals.com/applications/species/tetraselmis"", ""https://orrbiologicals.com/applications/why-isochrysis-matters-aquaculture"", ""https://orrbiologicals.com/blog/"", ""https://orrbiologicals.com/blog/alkalinity-as-a-control-variable"", ""https://orrbiologicals.com/blog/bounded-autonomy-safe-ai-proposals"", ""https://orrbiologicals.com/blog/control-loop-architecture"", ""https://orrbiologicals.com/blog/digital-twin-droop-steele-model"", ""https://orrbiologicals.com/blog/digital-twins-biological-cultivation"", ""https://orrbiologicals.com/blog/dissolved-oxygen-stress-signal"", ""https://orrbiologicals.com/blog/edge-ai-biological-systems"", ""https://orrbiologicals.com/blog/federated-learning-network"", ""https://orrbiologicals.com/blog/harvesting-and-using-fresh-spirulina"", ""https://orrbiologicals.com/blog/how-main-keeps-culture-safe"", ""https://orrbiologicals.com/blog/how-to-start-home-spirulina-culture"", ""https://orrbiologicals.com/blog/light-temperature-mixing"", ""https://orrbiologicals.com/blog/photobioreactor-ai-optimization"", ""https://orrbiologicals.com/blog/reading-your-culture"", ""https://orrbiologicals.com/blog/single-cell-microalgae-microfluidics"", ""https://orrbiologicals.com/blog/six-culture-signals-main-senses"", ""https://orrbiologicals.com/blog/spirulina-is-a-cyanobacterium"", ""https://orrbiologicals.com/blog/troubleshooting-contamination-crashes"", ""https://orrbiologicals.com/blog/troubleshooting-ph-and-carbon"", ""https://orrbiologicals.com/blog/vision-contamination-detection"", ""https://orrbiologicals.com/blog/what-is-main-plain-language"", ""https://orrbiologicals.com/blog/winter-home-growing-warmth"", ""https://orrbiologicals.com/blog/zarrouk-medium-and-nutrients"", ""https://orrbiologicals.com/cyanoflow"", ""https://orrbiologicals.com/disclaimer"", ""https://orrbiologicals.com/game/"", ""https://orrbiologicals.com/glossary"", ""https://orrbiologicals.com/microalgae-cultivation/"", ""https://orrbiologicals.com/photobioreactors/"", ""https://orrbiologicals.com/privacy"", ""https://orrbiologicals.com/research/""]","[""https://orrbiologicals.com/"", ""https://orrbiologicals.com/#deploy"", ""https://orrbiologicals.com/#inside"", ""https://orrbiologicals.com/#products"", ""https://orrbiologicals.com/applications/"", ""https://orrbiologicals.com/blog/"", ""https://orrbiologicals.com/cyanoflow"", ""https://orrbiologicals.com/disclaimer"", ""https://orrbiologicals.com/game/"", ""https://orrbiologicals.com/privacy""]",[],https://orrbiologicals.com/terms,[],[],[],Illustrations vs measurements must be labeled; no pixel review implied,"{""missing"": 0, ""empty"": 0}",indexable,Supporting,KEEP,1,[],"{"""": """", ""viewport"": ""width=device-width, initial-scale=1"", ""referrer"": ""strict-origin-when-cross-origin"", ""description"": ""Terms governing use of the Orr Biologicals website: informational content, open-source licensing, the Algae Living game, and limitation of liability."", ""og:title"": ""Terms of Use | Orr Biologicals"", ""og:description"": ""Terms governing use of the Orr Biologicals website: informational content, open-source licensing, the Algae Living game, and limitation of liability."", ""og:type"": ""website"", ""og:url"": ""https://orrbiologicals.com/terms"", ""og:image"": ""https://orrbiologicals.com/assets/og.png"", ""og:site_name"": ""Orr Biologicals"", ""og:locale"": ""en_US"", ""twitter:card"": ""summary_large_image"", ""twitter:title"": ""Terms of Use | Orr Biologicals"", ""twitter:description"": ""Terms governing use of the Orr Biologicals website: informational content, open-source licensing, the Algae Living game, and limitation of liability."", ""twitter:image"": ""https://orrbiologicals.com/assets/og.png""}"
